Month & Year,order_id,orderDate,customer_id,Resturant_ID,Fooditem,quantity,deliver_status,payment_method
April_Sales_2023,256215,3-Apr-23,25,212,2147,1,Delivered,UPI
April_Sales_2023,256273,5-Apr-23,25,212,2147,2,Delivered,UPI
April_Sales_2023,256289,8-Apr-23,25,212,2147,8,Delivered,UPI
April_Sales_2023,256344,10-Apr-23,25,212,2147,4,Delivered,UPI
April_Sales_2023,256351,13-Apr-23,25,212,2147,6,Delivered,UPI
April_Sales_2023,256360,13-Apr-23,25,212,2146,4,Delivered,UPI
April_Sales_2023,256382,14-Apr-23,25,212,2145,8,Delivered,UPI
April_Sales_2023,256388,14-Apr-23,25,212,2145,2,Delivered,UPI
April_Sales_2023,256394,14-Apr-23,25,212,2147,4,Delivered,UPI
April_Sales_2023,256438,15-Apr-23,25,212,2147,10,Delivered,UPI
April_Sales_2023,256470,16-Apr-23,25,212,2146,6,Delivered,UPI
April_Sales_2023,256471,16-Apr-23,25,212,2147,6,Delivered,UPI
April_Sales_2023,256493,17-Apr-23,25,212,2147,7,Delivered,UPI
April_Sales_2023,256518,18-Apr-23,25,212,2145,4,Delivered,UPI
April_Sales_2023,256561,19-Apr-23,25,212,2147,5,Delivered,UPI
April_Sales_2023,256571,20-Apr-23,25,212,2145,5,Delivered,UPI
April_Sales_2023,256592,22-Apr-23,25,212,2145,10,Delivered,UPI
April_Sales_2023,256606,22-Apr-23,25,212,2147,8,Delivered,UPI
April_Sales_2023,256607,22-Apr-23,25,212,2146,7,Delivered,UPI
April_Sales_2023,256617,23-Apr-23,25,212,2147,10,Delivered,UPI
April_Sales_2023,256628,23-Apr-23,25,212,2147,8,Delivered,UPI
April_Sales_2023,256664,26-Apr-23,25,212,2145,7,Delivered,UPI
April_Sales_2023,256685,27-Apr-23,25,212,2147,2,Delivered,UPI
April_Sales_2023,256686,27-Apr-23,25,212,2146,3,Delivered,UPI
April_Sales_2023,256690,27-Apr-23,25,212,2145,10,Delivered,UPI
April_Sales_2023,256695,27-Apr-23,25,212,2147,2,Delivered,UPI
February_Sales_2023,254643,1-Feb-23,25,212,2145,4,Delivered,UPI
February_Sales_2023,254661,2-Feb-23,25,212,2146,8,Delivered,UPI
February_Sales_2023,254749,4-Feb-23,25,212,2145,9,Delivered,UPI
February_Sales_2023,254763,4-Feb-23,25,212,2145,9,Delivered,UPI
February_Sales_2023,254783,5-Feb-23,25,212,2146,6,Delivered,UPI
February_Sales_2023,254807,5-Feb-23,25,212,2147,4,Delivered,UPI
February_Sales_2023,254849,7-Feb-23,25,212,2147,5,Delivered,UPI
February_Sales_2023,254868,8-Feb-23,25,212,2147,10,Delivered,UPI
February_Sales_2023,254902,9-Feb-23,25,212,2145,8,Delivered,UPI
February_Sales_2023,254949,11-Feb-23,25,212,2147,7,Delivered,UPI
February_Sales_2023,254997,13-Feb-23,25,212,2147,7,Delivered,UPI
February_Sales_2023,255063,15-Feb-23,25,212,2147,3,Delivered,UPI
February_Sales_2023,255087,16-Feb-23,25,212,2145,1,Delivered,UPI
February_Sales_2023,255192,19-Feb-23,25,212,2146,4,Delivered,UPI
February_Sales_2023,255208,19-Feb-23,25,212,2146,10,Delivered,UPI
February_Sales_2023,255218,20-Feb-23,25,212,2147,3,Delivered,UPI
February_Sales_2023,255261,23-Feb-23,25,212,2147,9,Delivered,UPI
February_Sales_2023,255270,24-Feb-23,25,212,2146,1,Delivered,UPI
February_Sales_2023,255293,24-Feb-23,25,212,2147,1,Delivered,UPI
February_Sales_2023,255352,26-Feb-23,25,212,2147,9,Delivered,UPI
February_Sales_2023,255355,26-Feb-23,25,212,2145,8,Delivered,UPI
January_Sales_2023,254032,3-Jan-23,25,212,2147,1,Delivered,UPI
January_Sales_2023,254090,5-Jan-23,25,212,2147,2,Delivered,UPI
January_Sales_2023,254106,8-Jan-23,25,212,2147,8,Delivered,UPI
January_Sales_2023,254161,10-Jan-23,25,212,2147,4,Delivered,UPI
January_Sales_2023,254168,13-Jan-23,25,212,2147,6,Delivered,UPI
January_Sales_2023,254177,13-Jan-23,25,212,2146,4,Delivered,UPI
January_Sales_2023,254199,14-Jan-23,25,212,2145,8,Delivered,UPI
January_Sales_2023,254205,14-Jan-23,25,212,2145,2,Delivered,UPI
January_Sales_2023,254211,14-Jan-23,25,212,2147,4,Delivered,UPI
January_Sales_2023,254255,15-Jan-23,25,212,2147,10,Delivered,UPI
January_Sales_2023,254287,16-Jan-23,25,212,2146,6,Delivered,UPI
January_Sales_2023,254288,16-Jan-23,25,212,2147,6,Delivered,UPI
January_Sales_2023,254310,17-Jan-23,25,212,2147,7,Delivered,UPI
January_Sales_2023,254335,18-Jan-23,25,212,2145,4,Delivered,UPI
January_Sales_2023,254378,19-Jan-23,25,212,2147,5,Delivered,UPI
January_Sales_2023,254388,20-Jan-23,25,212,2145,5,Delivered,UPI
January_Sales_2023,254409,22-Jan-23,25,212,2145,10,Delivered,UPI
January_Sales_2023,254423,22-Jan-23,25,212,2147,8,Delivered,UPI
January_Sales_2023,254424,22-Jan-23,25,212,2146,7,Delivered,UPI
January_Sales_2023,254434,23-Jan-23,25,212,2147,10,Delivered,UPI
January_Sales_2023,254445,23-Jan-23,25,212,2147,8,Delivered,UPI
January_Sales_2023,254481,26-Jan-23,25,212,2145,7,Delivered,UPI
January_Sales_2023,254502,27-Jan-23,25,212,2147,2,Delivered,UPI
January_Sales_2023,254503,27-Jan-23,25,212,2146,3,Delivered,UPI
January_Sales_2023,254507,27-Jan-23,25,212,2145,10,Delivered,UPI
January_Sales_2023,254512,27-Jan-23,25,212,2147,2,Delivered,UPI
March_Sales_2023,255485,4-Mar-23,25,212,2147,10,Delivered,UPI
March_Sales_2023,255527,5-Mar-23,25,212,2145,10,Delivered,UPI
March_Sales_2023,255540,5-Mar-23,25,212,2145,2,Delivered,UPI
March_Sales_2023,255590,7-Mar-23,25,212,2147,6,Delivered,UPI
March_Sales_2023,255648,12-Mar-23,25,212,2147,7,Delivered,UPI
March_Sales_2023,255674,13-Mar-23,25,212,2145,5,Delivered,UPI
March_Sales_2023,255731,15-Mar-23,25,212,2147,8,Delivered,UPI
March_Sales_2023,255752,15-Mar-23,25,212,2145,5,Delivered,UPI
March_Sales_2023,255769,16-Mar-23,25,212,2145,5,Delivered,UPI
March_Sales_2023,255813,17-Mar-23,25,212,2147,9,Delivered,UPI
March_Sales_2023,255821,17-Mar-23,25,212,2145,9,Delivered,UPI
March_Sales_2023,255842,19-Mar-23,25,212,2147,9,Delivered,UPI
March_Sales_2023,255865,20-Mar-23,25,212,2145,9,Delivered,UPI
March_Sales_2023,255878,21-Mar-23,25,212,2145,2,Delivered,UPI
March_Sales_2023,255940,22-Mar-23,25,212,2147,10,Delivered,UPI
March_Sales_2023,255947,22-Mar-23,25,212,2147,3,Delivered,UPI
March_Sales_2023,255959,23-Mar-23,25,212,2147,4,Delivered,UPI
March_Sales_2023,256007,25-Mar-23,25,212,2145,9,Delivered,UPI
March_Sales_2023,256067,28-Mar-23,25,212,2145,4,Delivered,UPI
March_Sales_2023,256075,28-Mar-23,25,212,2146,7,Delivered,UPI
March_Sales_2023,256108,29-Mar-23,25,212,2147,3,Delivered,UPI
March_Sales_2023,256131,30-Mar-23,25,212,2145,5,Delivered,UPI
March_Sales_2023,256137,30-Mar-23,25,212,2146,5,Delivered,UPI
March_Sales_2023,256162,30-Mar-23,25,212,2145,10,Delivered,UPI
April_Sales_2023,256217,3-Apr-23,25,211,2141,6,Delivered,UPI
April_Sales_2023,256271,5-Apr-23,25,211,2141,5,Delivered,UPI
April_Sales_2023,256298,8-Apr-23,25,211,2142,5,Delivered,UPI
April_Sales_2023,256305,8-Apr-23,25,211,2144,10,Delivered,UPI
April_Sales_2023,256357,13-Apr-23,25,211,2144,5,Delivered,UPI
April_Sales_2023,256392,14-Apr-23,25,211,2144,1,Delivered,UPI
April_Sales_2023,256396,14-Apr-23,25,211,2143,1,Delivered,UPI
April_Sales_2023,256545,18-Apr-23,25,211,2142,3,Delivered,UPI
April_Sales_2023,256591,22-Apr-23,25,211,2143,5,Delivered,UPI
April_Sales_2023,256649,25-Apr-23,25,211,2142,6,Delivered,UPI
April_Sales_2023,256668,26-Apr-23,25,211,2141,5,Delivered,UPI
April_Sales_2023,256727,30-Apr-23,25,211,2142,5,Delivered,UPI
April_Sales_2023,256731,30-Apr-23,25,211,2142,3,Delivered,UPI
February_Sales_2023,254733,3-Feb-23,25,211,2141,7,Delivered,UPI
February_Sales_2023,254741,4-Feb-23,25,211,2142,3,Delivered,UPI
February_Sales_2023,254786,5-Feb-23,25,211,2141,1,Delivered,UPI
February_Sales_2023,254973,12-Feb-23,25,211,2142,1,Delivered,UPI
February_Sales_2023,255005,13-Feb-23,25,211,2143,9,Delivered,UPI
February_Sales_2023,255013,14-Feb-23,25,211,2142,8,Delivered,UPI
February_Sales_2023,255017,14-Feb-23,25,211,2142,8,Delivered,UPI
February_Sales_2023,255077,16-Feb-23,25,211,2143,9,Delivered,UPI
February_Sales_2023,255088,16-Feb-23,25,211,2142,7,Delivered,UPI
February_Sales_2023,255113,17-Feb-23,25,211,2142,5,Delivered,UPI
February_Sales_2023,255114,17-Feb-23,25,211,2143,7,Delivered,UPI
February_Sales_2023,255137,18-Feb-23,25,211,2142,2,Delivered,UPI
February_Sales_2023,255147,18-Feb-23,25,211,2142,1,Delivered,UPI
February_Sales_2023,255155,18-Feb-23,25,211,2144,10,Delivered,UPI
February_Sales_2023,255173,19-Feb-23,25,211,2142,6,Delivered,UPI
February_Sales_2023,255190,19-Feb-23,25,211,2142,5,Delivered,UPI
February_Sales_2023,255196,19-Feb-23,25,211,2142,1,Delivered,UPI
February_Sales_2023,255210,19-Feb-23,25,211,2142,6,Delivered,UPI
February_Sales_2023,255326,25-Feb-23,25,211,2141,4,Delivered,UPI
February_Sales_2023,255341,26-Feb-23,25,211,2141,1,Delivered,UPI
February_Sales_2023,255360,26-Feb-23,25,211,2142,6,Delivered,UPI
February_Sales_2023,255361,26-Feb-23,25,211,2143,1,Delivered,UPI
February_Sales_2023,255415,28-Feb-23,25,211,2142,8,Delivered,UPI
January_Sales_2023,254034,3-Jan-23,25,211,2141,6,Delivered,UPI
January_Sales_2023,254088,5-Jan-23,25,211,2141,5,Delivered,UPI
January_Sales_2023,254115,8-Jan-23,25,211,2142,5,Delivered,UPI
January_Sales_2023,254122,8-Jan-23,25,211,2144,10,Delivered,UPI
January_Sales_2023,254174,13-Jan-23,25,211,2144,5,Delivered,UPI
January_Sales_2023,254209,14-Jan-23,25,211,2144,1,Delivered,UPI
January_Sales_2023,254213,14-Jan-23,25,211,2143,1,Delivered,UPI
January_Sales_2023,254362,18-Jan-23,25,211,2142,3,Delivered,UPI
January_Sales_2023,254408,22-Jan-23,25,211,2143,5,Delivered,UPI
January_Sales_2023,254466,25-Jan-23,25,211,2142,6,Delivered,UPI
January_Sales_2023,254485,26-Jan-23,25,211,2141,5,Delivered,UPI
January_Sales_2023,254544,30-Jan-23,25,211,2142,5,Delivered,UPI
January_Sales_2023,254548,30-Jan-23,25,211,2142,3,Delivered,UPI
January_Sales_2023,254604,31-Jan-23,25,211,2141,2,Delivered,UPI
March_Sales_2023,255435,2-Mar-23,25,211,2141,6,Delivered,UPI
March_Sales_2023,255454,2-Mar-23,25,211,2142,4,Delivered,UPI
March_Sales_2023,255557,6-Mar-23,25,211,2142,8,Delivered,UPI
March_Sales_2023,255563,7-Mar-23,25,211,2142,8,Delivered,UPI
March_Sales_2023,255620,9-Mar-23,25,211,2142,9,Delivered,UPI
March_Sales_2023,255632,11-Mar-23,25,211,2142,9,Delivered,UPI
March_Sales_2023,255663,13-Mar-23,25,211,2141,8,Delivered,UPI
March_Sales_2023,255692,14-Mar-23,25,211,2144,5,Delivered,UPI
March_Sales_2023,255815,17-Mar-23,25,211,2141,7,Delivered,UPI
March_Sales_2023,255831,18-Mar-23,25,211,2143,10,Delivered,UPI
March_Sales_2023,255844,19-Mar-23,25,211,2142,8,Delivered,UPI
March_Sales_2023,255860,19-Mar-23,25,211,2143,5,Delivered,UPI
March_Sales_2023,255906,21-Mar-23,25,211,2142,4,Delivered,UPI
March_Sales_2023,255931,22-Mar-23,25,211,2142,7,Delivered,UPI
March_Sales_2023,255942,22-Mar-23,25,211,2142,4,Delivered,UPI
March_Sales_2023,255972,23-Mar-23,25,211,2141,6,Delivered,UPI
March_Sales_2023,255977,23-Mar-23,25,211,2141,10,Delivered,UPI
March_Sales_2023,255986,24-Mar-23,25,211,2142,6,Delivered,UPI
March_Sales_2023,256051,27-Mar-23,25,211,2144,7,Delivered,UPI
March_Sales_2023,256115,29-Mar-23,25,211,2141,1,Delivered,UPI
April_Sales_2023,256194,2-Apr-23,25,213,2148,4,Delivered,UPI
April_Sales_2023,256199,2-Apr-23,25,217,2165,10,Delivered,UPI
April_Sales_2023,256263,5-Apr-23,25,217,2167,5,Delivered,UPI
April_Sales_2023,256270,5-Apr-23,25,214,2151,4,Delivered,UPI
April_Sales_2023,256280,5-Apr-23,25,213,2149,7,Delivered,UPI
April_Sales_2023,256284,6-Apr-23,25,214,2152,3,Delivered,UPI
April_Sales_2023,256343,10-Apr-23,25,216,2163,1,Delivered,UPI
April_Sales_2023,256345,11-Apr-23,25,213,2148,7,Delivered,UPI
April_Sales_2023,256416,15-Apr-23,25,213,2149,4,Delivered,UPI
April_Sales_2023,256422,15-Apr-23,25,214,2151,4,Delivered,UPI
April_Sales_2023,256430,15-Apr-23,25,216,2160,3,Delivered,UPI
April_Sales_2023,256448,16-Apr-23,25,214,2155,8,Delivered,UPI
April_Sales_2023,256459,16-Apr-23,25,214,2152,10,Delivered,UPI
April_Sales_2023,256467,16-Apr-23,25,217,2165,9,Delivered,UPI
April_Sales_2023,256472,16-Apr-23,25,213,2149,5,Delivered,UPI
April_Sales_2023,256480,16-Apr-23,25,217,2164,9,Delivered,UPI
April_Sales_2023,256532,18-Apr-23,25,213,2150,5,Delivered,UPI
April_Sales_2023,256594,22-Apr-23,25,214,2155,1,Delivered,UPI
April_Sales_2023,256618,23-Apr-23,25,213,2150,5,Delivered,UPI
April_Sales_2023,256621,23-Apr-23,25,214,2151,3,Delivered,UPI
April_Sales_2023,256635,25-Apr-23,25,213,2149,6,Delivered,UPI
April_Sales_2023,256714,29-Apr-23,25,213,2150,2,Delivered,UPI
April_Sales_2023,256715,30-Apr-23,25,217,2167,7,Delivered,UPI
April_Sales_2023,256748,30-Apr-23,25,217,2166,4,Delivered,UPI
April_Sales_2023,256751,30-Apr-23,25,213,2149,5,Delivered,UPI
April_Sales_2023,256754,30-Apr-23,25,217,2165,2,Delivered,UPI
April_Sales_2023,256759,30-Apr-23,25,213,2149,1,Delivered,UPI
February_Sales_2023,254667,2-Feb-23,25,214,2155,6,Delivered,UPI
February_Sales_2023,254670,2-Feb-23,25,213,2148,5,Delivered,UPI
February_Sales_2023,254746,4-Feb-23,25,213,2149,5,Delivered,UPI
February_Sales_2023,254769,4-Feb-23,25,216,2161,6,Delivered,UPI
February_Sales_2023,254800,5-Feb-23,25,214,2154,5,Delivered,UPI
February_Sales_2023,254802,5-Feb-23,25,217,2164,6,Delivered,UPI
February_Sales_2023,254812,5-Feb-23,25,214,2154,8,Delivered,UPI
February_Sales_2023,254840,7-Feb-23,25,214,2155,2,Delivered,UPI
February_Sales_2023,254842,7-Feb-23,25,214,2155,1,Delivered,UPI
February_Sales_2023,254851,7-Feb-23,25,217,2164,7,Delivered,UPI
February_Sales_2023,254872,8-Feb-23,25,217,2165,1,Delivered,UPI
February_Sales_2023,254873,8-Feb-23,25,213,2150,2,Delivered,UPI
February_Sales_2023,254879,8-Feb-23,25,217,2165,8,Delivered,UPI
February_Sales_2023,254918,10-Feb-23,25,213,2148,5,Delivered,UPI
February_Sales_2023,254941,11-Feb-23,25,214,2154,8,Delivered,UPI
February_Sales_2023,254944,11-Feb-23,25,217,2164,6,Delivered,UPI
February_Sales_2023,254946,11-Feb-23,25,214,2154,3,Delivered,UPI
February_Sales_2023,254965,12-Feb-23,25,214,2153,8,Delivered,UPI
February_Sales_2023,254971,12-Feb-23,25,213,2150,4,Delivered,UPI
February_Sales_2023,254978,12-Feb-23,25,217,2166,5,Delivered,UPI
February_Sales_2023,254990,12-Feb-23,25,217,2164,1,Delivered,UPI
February_Sales_2023,254994,13-Feb-23,25,216,2163,3,Delivered,UPI
February_Sales_2023,255014,14-Feb-23,25,214,2154,3,Delivered,UPI
February_Sales_2023,255016,14-Feb-23,25,216,2163,10,Delivered,UPI
February_Sales_2023,255032,15-Feb-23,25,214,2155,8,Delivered,UPI
February_Sales_2023,255156,18-Feb-23,25,216,2161,3,Delivered,UPI
February_Sales_2023,255184,19-Feb-23,25,214,2155,5,Delivered,UPI
February_Sales_2023,255185,19-Feb-23,25,213,2148,6,Delivered,UPI
February_Sales_2023,255205,19-Feb-23,25,214,2154,9,Delivered,UPI
February_Sales_2023,255232,21-Feb-23,25,213,2149,5,Delivered,UPI
February_Sales_2023,255235,21-Feb-23,25,213,2149,2,Delivered,UPI
February_Sales_2023,255240,21-Feb-23,25,214,2154,10,Delivered,UPI
February_Sales_2023,255243,21-Feb-23,25,216,2163,8,Delivered,UPI
February_Sales_2023,255251,21-Feb-23,25,213,2148,2,Delivered,UPI
February_Sales_2023,255274,24-Feb-23,25,216,2162,10,Delivered,UPI
February_Sales_2023,255314,25-Feb-23,25,214,2154,9,Delivered,UPI
February_Sales_2023,255330,25-Feb-23,25,213,2149,3,Delivered,UPI
January_Sales_2023,254011,2-Jan-23,25,213,2148,4,Delivered,UPI
January_Sales_2023,254016,2-Jan-23,25,217,2165,10,Delivered,UPI
January_Sales_2023,254080,5-Jan-23,25,217,2167,5,Delivered,UPI
January_Sales_2023,254087,5-Jan-23,25,214,2151,4,Delivered,UPI
January_Sales_2023,254097,5-Jan-23,25,213,2149,7,Delivered,UPI
January_Sales_2023,254101,6-Jan-23,25,214,2152,3,Delivered,UPI
January_Sales_2023,254160,10-Jan-23,25,216,2163,1,Delivered,UPI
January_Sales_2023,254162,11-Jan-23,25,213,2148,7,Delivered,UPI
January_Sales_2023,254233,15-Jan-23,25,213,2149,4,Delivered,UPI
January_Sales_2023,254239,15-Jan-23,25,214,2151,4,Delivered,UPI
January_Sales_2023,254247,15-Jan-23,25,216,2160,3,Delivered,UPI
January_Sales_2023,254265,16-Jan-23,25,214,2155,8,Delivered,UPI
January_Sales_2023,254276,16-Jan-23,25,214,2152,10,Delivered,UPI
January_Sales_2023,254284,16-Jan-23,25,217,2165,9,Delivered,UPI
January_Sales_2023,254289,16-Jan-23,25,213,2149,5,Delivered,UPI
January_Sales_2023,254297,16-Jan-23,25,217,2164,9,Delivered,UPI
January_Sales_2023,254349,18-Jan-23,25,213,2150,5,Delivered,UPI
January_Sales_2023,254411,22-Jan-23,25,214,2155,1,Delivered,UPI
January_Sales_2023,254435,23-Jan-23,25,213,2150,5,Delivered,UPI
January_Sales_2023,254438,23-Jan-23,25,214,2151,3,Delivered,UPI
January_Sales_2023,254452,25-Jan-23,25,213,2149,6,Delivered,UPI
January_Sales_2023,254456,25-Jan-23,25,216,2162,6,Delivered,UPI
January_Sales_2023,254531,29-Jan-23,25,213,2150,2,Delivered,UPI
January_Sales_2023,254532,30-Jan-23,25,217,2167,7,Delivered,UPI
January_Sales_2023,254565,30-Jan-23,25,217,2166,4,Delivered,UPI
January_Sales_2023,254568,30-Jan-23,25,213,2149,5,Delivered,UPI
January_Sales_2023,254571,30-Jan-23,25,217,2165,2,Delivered,UPI
January_Sales_2023,254576,30-Jan-23,25,213,2149,1,Delivered,UPI
January_Sales_2023,254600,31-Jan-23,25,214,2154,6,Delivered,UPI
January_Sales_2023,254606,31-Jan-23,25,216,2163,2,Delivered,UPI
January_Sales_2023,254611,31-Jan-23,25,213,2150,3,Delivered,UPI
January_Sales_2023,254612,31-Jan-23,25,214,2154,6,Delivered,UPI
March_Sales_2023,255425,1-Mar-23,25,213,2150,10,Delivered,UPI
March_Sales_2023,255429,1-Mar-23,25,213,2148,7,Delivered,UPI
March_Sales_2023,255488,4-Mar-23,25,214,2153,3,Delivered,UPI
March_Sales_2023,255509,4-Mar-23,25,214,2154,10,Delivered,UPI
March_Sales_2023,255521,5-Mar-23,25,214,2154,3,Delivered,UPI
March_Sales_2023,255544,5-Mar-23,25,214,2152,9,Delivered,UPI
March_Sales_2023,255564,7-Mar-23,25,216,2160,2,Delivered,UPI
March_Sales_2023,255570,7-Mar-23,25,213,2149,8,Delivered,UPI
March_Sales_2023,255601,9-Mar-23,25,214,2152,3,Delivered,UPI
March_Sales_2023,255608,9-Mar-23,25,216,2161,1,Delivered,UPI
March_Sales_2023,255615,9-Mar-23,25,214,2154,9,Delivered,UPI
March_Sales_2023,255623,9-Mar-23,25,214,2151,9,Delivered,UPI
March_Sales_2023,255675,13-Mar-23,25,213,2149,1,Delivered,UPI
March_Sales_2023,255719,14-Mar-23,25,216,2161,1,Delivered,UPI
March_Sales_2023,255743,15-Mar-23,25,214,2151,2,Delivered,UPI
March_Sales_2023,255782,16-Mar-23,25,217,2164,1,Delivered,UPI
March_Sales_2023,255798,17-Mar-23,25,216,2160,8,Delivered,UPI
March_Sales_2023,255816,17-Mar-23,25,217,2164,3,Delivered,UPI
March_Sales_2023,255836,19-Mar-23,25,214,2152,2,Delivered,UPI
March_Sales_2023,255866,20-Mar-23,25,214,2155,6,Delivered,UPI
March_Sales_2023,255869,21-Mar-23,25,213,2149,8,Delivered,UPI
March_Sales_2023,255948,22-Mar-23,25,216,2161,7,Delivered,UPI
March_Sales_2023,255968,23-Mar-23,25,213,2150,10,Delivered,UPI
March_Sales_2023,255971,23-Mar-23,25,217,2165,2,Delivered,UPI
March_Sales_2023,255978,23-Mar-23,25,217,2165,2,Delivered,UPI
March_Sales_2023,255990,24-Mar-23,25,213,2149,2,Delivered,UPI
March_Sales_2023,256010,25-Mar-23,25,213,2149,7,Delivered,UPI
March_Sales_2023,256070,28-Mar-23,25,214,2153,7,Delivered,UPI
March_Sales_2023,256112,29-Mar-23,25,213,2148,8,Delivered,UPI
March_Sales_2023,256133,30-Mar-23,25,216,2163,10,Delivered,UPI
March_Sales_2023,256136,30-Mar-23,25,213,2149,2,Delivered,UPI
March_Sales_2023,256170,30-Mar-23,25,214,2152,6,Delivered,UPI
March_Sales_2023,256183,31-Mar-23,25,214,2151,8,Delivered,UPI
April_Sales_2023,256187,1-Apr-23,4,213,2149,2,Delivered,UPI
April_Sales_2023,256196,2-Apr-23,4,213,2150,5,Delivered,UPI
April_Sales_2023,256198,2-Apr-23,4,212,2147,9,Delivered,UPI
April_Sales_2023,256200,2-Apr-23,4,212,2145,1,Delivered,UPI
April_Sales_2023,256221,3-Apr-23,4,211,2142,4,Delivered,UPI
April_Sales_2023,256256,4-Apr-23,4,211,2142,5,Delivered,UPI
April_Sales_2023,256277,5-Apr-23,4,212,2145,5,Delivered,UPI
April_Sales_2023,256283,6-Apr-23,4,213,2148,10,Delivered,UPI
April_Sales_2023,256294,8-Apr-23,4,217,2165,7,Delivered,UPI
April_Sales_2023,256341,10-Apr-23,4,211,2141,8,Delivered,UPI
April_Sales_2023,256355,13-Apr-23,4,211,2142,5,Delivered,UPI
April_Sales_2023,256364,14-Apr-23,4,212,2147,5,Delivered,UPI
April_Sales_2023,256381,14-Apr-23,4,217,2165,9,Delivered,UPI
April_Sales_2023,256383,14-Apr-23,4,214,2151,10,Delivered,UPI
April_Sales_2023,256387,14-Apr-23,4,211,2141,2,Delivered,UPI
April_Sales_2023,256400,14-Apr-23,4,212,2145,1,Delivered,UPI
April_Sales_2023,256401,14-Apr-23,4,213,2148,4,Delivered,UPI
April_Sales_2023,256402,14-Apr-23,4,214,2153,5,Delivered,UPI
April_Sales_2023,256408,15-Apr-23,4,217,2167,2,Delivered,UPI
April_Sales_2023,256414,15-Apr-23,4,212,2147,5,Delivered,UPI
April_Sales_2023,256469,16-Apr-23,4,214,2154,1,Delivered,UPI
April_Sales_2023,256473,16-Apr-23,4,217,2164,3,Delivered,UPI
April_Sales_2023,256481,16-Apr-23,4,213,2150,2,Delivered,UPI
April_Sales_2023,256483,16-Apr-23,4,212,2147,10,Delivered,UPI
April_Sales_2023,256507,17-Apr-23,4,211,2141,5,Delivered,UPI
April_Sales_2023,256509,17-Apr-23,4,214,2153,10,Delivered,UPI
April_Sales_2023,256521,18-Apr-23,4,216,2161,1,Delivered,UPI
April_Sales_2023,256527,18-Apr-23,4,214,2155,5,Delivered,UPI
April_Sales_2023,256540,18-Apr-23,4,212,2147,10,Delivered,UPI
April_Sales_2023,256542,18-Apr-23,4,217,2165,5,Delivered,UPI
April_Sales_2023,256544,18-Apr-23,4,211,2141,7,Delivered,UPI
April_Sales_2023,256551,18-Apr-23,4,214,2151,4,Delivered,UPI
April_Sales_2023,256570,20-Apr-23,4,217,2165,2,Delivered,UPI
April_Sales_2023,256590,22-Apr-23,4,212,2147,8,Delivered,UPI
April_Sales_2023,256616,22-Apr-23,4,212,2147,3,Delivered,UPI
April_Sales_2023,256625,23-Apr-23,4,217,2165,3,Delivered,UPI
April_Sales_2023,256627,23-Apr-23,4,211,2141,5,Delivered,UPI
April_Sales_2023,256658,25-Apr-23,4,214,2155,2,Delivered,UPI
April_Sales_2023,256659,25-Apr-23,4,212,2145,1,Delivered,UPI
April_Sales_2023,256679,27-Apr-23,4,213,2149,3,Delivered,UPI
April_Sales_2023,256703,29-Apr-23,4,214,2151,6,Delivered,UPI
April_Sales_2023,256712,29-Apr-23,4,214,2154,10,Delivered,UPI
April_Sales_2023,256739,30-Apr-23,4,212,2147,7,Delivered,UPI
April_Sales_2023,256761,30-Apr-23,4,214,2155,10,Delivered,UPI
February_Sales_2023,254628,1-Feb-23,4,212,2147,9,Delivered,UPI
February_Sales_2023,254631,1-Feb-23,4,212,2145,2,Delivered,UPI
February_Sales_2023,254651,2-Feb-23,4,212,2145,3,Delivered,UPI
February_Sales_2023,254657,2-Feb-23,4,211,2141,4,Delivered,UPI
February_Sales_2023,254679,2-Feb-23,4,212,2147,5,Delivered,UPI
February_Sales_2023,254684,2-Feb-23,4,213,2150,6,Delivered,UPI
February_Sales_2023,254687,2-Feb-23,4,214,2154,1,Delivered,UPI
February_Sales_2023,254692,2-Feb-23,4,214,2155,6,Delivered,UPI
February_Sales_2023,254725,3-Feb-23,4,212,2145,3,Delivered,UPI
February_Sales_2023,254736,3-Feb-23,4,211,2143,9,Delivered,UPI
February_Sales_2023,254738,3-Feb-23,4,214,2155,1,Delivered,UPI
February_Sales_2023,254748,4-Feb-23,4,211,2142,5,Delivered,UPI
February_Sales_2023,254780,5-Feb-23,4,212,2147,2,Delivered,UPI
February_Sales_2023,254789,5-Feb-23,4,217,2167,9,Delivered,UPI
February_Sales_2023,254794,5-Feb-23,4,213,2148,8,Delivered,UPI
February_Sales_2023,254820,6-Feb-23,4,212,2147,8,Delivered,UPI
February_Sales_2023,254835,7-Feb-23,4,212,2147,8,Delivered,UPI
February_Sales_2023,254845,7-Feb-23,4,211,2142,6,Delivered,UPI
February_Sales_2023,254876,8-Feb-23,4,211,2142,4,Delivered,UPI
February_Sales_2023,254880,8-Feb-23,4,212,2145,2,Delivered,UPI
February_Sales_2023,254881,8-Feb-23,4,211,2141,9,Delivered,UPI
February_Sales_2023,254906,9-Feb-23,4,212,2145,1,Delivered,UPI
February_Sales_2023,254923,10-Feb-23,4,211,2141,3,Delivered,UPI
February_Sales_2023,254943,11-Feb-23,4,216,2163,2,Delivered,UPI
February_Sales_2023,254961,11-Feb-23,4,211,2143,1,Delivered,UPI
February_Sales_2023,254989,12-Feb-23,4,211,2142,9,Delivered,UPI
February_Sales_2023,255002,13-Feb-23,4,212,2146,9,Delivered,UPI
February_Sales_2023,255008,13-Feb-23,4,212,2145,9,Delivered,UPI
February_Sales_2023,255038,15-Feb-23,4,213,2148,6,Delivered,UPI
February_Sales_2023,255041,15-Feb-23,4,216,2163,1,Delivered,UPI
February_Sales_2023,255056,15-Feb-23,4,212,2147,8,Delivered,UPI
February_Sales_2023,255058,15-Feb-23,4,212,2147,6,Delivered,UPI
February_Sales_2023,255060,15-Feb-23,4,216,2163,8,Delivered,UPI
February_Sales_2023,255066,15-Feb-23,4,213,2148,1,Delivered,UPI
February_Sales_2023,255123,17-Feb-23,4,212,2145,9,Delivered,UPI
February_Sales_2023,255134,18-Feb-23,4,213,2149,5,Delivered,UPI
February_Sales_2023,255138,18-Feb-23,4,216,2163,1,Delivered,UPI
February_Sales_2023,255141,18-Feb-23,4,211,2142,5,Delivered,UPI
February_Sales_2023,255153,18-Feb-23,4,216,2160,5,Delivered,UPI
February_Sales_2023,255160,18-Feb-23,4,213,2148,3,Delivered,UPI
February_Sales_2023,255162,18-Feb-23,4,212,2145,5,Delivered,UPI
February_Sales_2023,255193,19-Feb-23,4,214,2153,1,Delivered,UPI
February_Sales_2023,255195,19-Feb-23,4,211,2141,7,Delivered,UPI
February_Sales_2023,255199,19-Feb-23,4,211,2142,10,Delivered,UPI
February_Sales_2023,255202,19-Feb-23,4,211,2141,3,Delivered,UPI
February_Sales_2023,255204,19-Feb-23,4,214,2155,1,Delivered,UPI
February_Sales_2023,255209,19-Feb-23,4,211,2141,3,Delivered,UPI
February_Sales_2023,255245,21-Feb-23,4,211,2142,8,Delivered,UPI
February_Sales_2023,255248,21-Feb-23,4,212,2147,5,Delivered,UPI
February_Sales_2023,255260,23-Feb-23,4,211,2142,8,Delivered,UPI
February_Sales_2023,255268,24-Feb-23,4,211,2142,7,Delivered,UPI
February_Sales_2023,255285,24-Feb-23,4,213,2149,9,Delivered,UPI
February_Sales_2023,255288,24-Feb-23,4,211,2141,6,Delivered,UPI
February_Sales_2023,255289,24-Feb-23,4,213,2150,9,Delivered,UPI
February_Sales_2023,255299,24-Feb-23,4,212,2147,1,Delivered,UPI
February_Sales_2023,255300,24-Feb-23,4,213,2150,3,Delivered,UPI
February_Sales_2023,255320,25-Feb-23,4,213,2149,6,Delivered,UPI
February_Sales_2023,255331,25-Feb-23,4,212,2145,4,Delivered,UPI
February_Sales_2023,255393,27-Feb-23,4,213,2148,1,Delivered,UPI
February_Sales_2023,255409,28-Feb-23,4,214,2155,6,Delivered,UPI
January_Sales_2023,254004,1-Jan-23,4,213,2149,2,Delivered,UPI
January_Sales_2023,254013,2-Jan-23,4,213,2150,5,Delivered,UPI
January_Sales_2023,254015,2-Jan-23,4,212,2147,9,Delivered,UPI
January_Sales_2023,254017,2-Jan-23,4,212,2145,1,Delivered,UPI
January_Sales_2023,254038,3-Jan-23,4,211,2142,4,Delivered,UPI
January_Sales_2023,254073,4-Jan-23,4,211,2142,5,Delivered,UPI
January_Sales_2023,254094,5-Jan-23,4,212,2145,5,Delivered,UPI
January_Sales_2023,254100,6-Jan-23,4,213,2148,10,Delivered,UPI
January_Sales_2023,254111,8-Jan-23,4,217,2165,7,Delivered,UPI
January_Sales_2023,254158,10-Jan-23,4,211,2141,8,Delivered,UPI
January_Sales_2023,254172,13-Jan-23,4,211,2142,5,Delivered,UPI
January_Sales_2023,254181,14-Jan-23,4,212,2147,5,Delivered,UPI
January_Sales_2023,254198,14-Jan-23,4,217,2165,9,Delivered,UPI
January_Sales_2023,254200,14-Jan-23,4,214,2151,10,Delivered,UPI
January_Sales_2023,254204,14-Jan-23,4,211,2141,2,Delivered,UPI
January_Sales_2023,254217,14-Jan-23,4,212,2145,1,Delivered,UPI
January_Sales_2023,254218,14-Jan-23,4,213,2148,4,Delivered,UPI
January_Sales_2023,254219,14-Jan-23,4,214,2153,5,Delivered,UPI
January_Sales_2023,254225,15-Jan-23,4,217,2167,2,Delivered,UPI
January_Sales_2023,254231,15-Jan-23,4,212,2147,5,Delivered,UPI
January_Sales_2023,254286,16-Jan-23,4,214,2154,1,Delivered,UPI
January_Sales_2023,254290,16-Jan-23,4,217,2164,3,Delivered,UPI
January_Sales_2023,254298,16-Jan-23,4,213,2150,2,Delivered,UPI
January_Sales_2023,254300,16-Jan-23,4,212,2147,10,Delivered,UPI
January_Sales_2023,254324,17-Jan-23,4,211,2141,5,Delivered,UPI
January_Sales_2023,254326,17-Jan-23,4,214,2153,10,Delivered,UPI
January_Sales_2023,254338,18-Jan-23,4,216,2161,1,Delivered,UPI
January_Sales_2023,254344,18-Jan-23,4,214,2155,5,Delivered,UPI
January_Sales_2023,254357,18-Jan-23,4,212,2147,10,Delivered,UPI
January_Sales_2023,254359,18-Jan-23,4,217,2165,5,Delivered,UPI
January_Sales_2023,254361,18-Jan-23,4,211,2141,7,Delivered,UPI
January_Sales_2023,254368,18-Jan-23,4,214,2151,4,Delivered,UPI
January_Sales_2023,254387,20-Jan-23,4,217,2165,2,Delivered,UPI
January_Sales_2023,254407,22-Jan-23,4,212,2147,8,Delivered,UPI
January_Sales_2023,254433,22-Jan-23,4,212,2147,3,Delivered,UPI
January_Sales_2023,254442,23-Jan-23,4,217,2165,3,Delivered,UPI
January_Sales_2023,254444,23-Jan-23,4,211,2141,5,Delivered,UPI
January_Sales_2023,254457,25-Jan-23,4,211,2142,5,Delivered,UPI
January_Sales_2023,254475,25-Jan-23,4,214,2155,2,Delivered,UPI
January_Sales_2023,254476,25-Jan-23,4,212,2145,1,Delivered,UPI
January_Sales_2023,254496,27-Jan-23,4,213,2149,3,Delivered,UPI
January_Sales_2023,254520,29-Jan-23,4,214,2151,6,Delivered,UPI
January_Sales_2023,254529,29-Jan-23,4,214,2154,10,Delivered,UPI
January_Sales_2023,254556,30-Jan-23,4,212,2147,7,Delivered,UPI
January_Sales_2023,254578,30-Jan-23,4,214,2155,10,Delivered,UPI
January_Sales_2023,254584,31-Jan-23,4,216,2163,5,Delivered,UPI
January_Sales_2023,254585,31-Jan-23,4,211,2142,2,Delivered,UPI
January_Sales_2023,254594,31-Jan-23,4,216,2160,1,Delivered,UPI
January_Sales_2023,254596,31-Jan-23,4,214,2152,6,Delivered,UPI
January_Sales_2023,254601,31-Jan-23,4,217,2164,4,Delivered,UPI
January_Sales_2023,254617,31-Jan-23,4,213,2148,1,Delivered,UPI
March_Sales_2023,255420,1-Mar-23,4,213,2149,2,Delivered,UPI
March_Sales_2023,255458,2-Mar-23,4,212,2145,3,Delivered,UPI
March_Sales_2023,255492,4-Mar-23,4,212,2147,1,Delivered,UPI
March_Sales_2023,255494,4-Mar-23,4,211,2142,6,Delivered,UPI
March_Sales_2023,255501,4-Mar-23,4,216,2160,1,Delivered,UPI
March_Sales_2023,255505,4-Mar-23,4,211,2141,10,Delivered,UPI
March_Sales_2023,255517,5-Mar-23,4,211,2142,10,Delivered,UPI
March_Sales_2023,255518,5-Mar-23,4,217,2165,7,Delivered,UPI
March_Sales_2023,255530,5-Mar-23,4,212,2145,6,Delivered,UPI
March_Sales_2023,255535,5-Mar-23,4,212,2145,5,Delivered,UPI
March_Sales_2023,255537,5-Mar-23,4,212,2147,7,Delivered,UPI
March_Sales_2023,255541,5-Mar-23,4,213,2149,3,Delivered,UPI
March_Sales_2023,255556,6-Mar-23,4,212,2147,10,Delivered,UPI
March_Sales_2023,255567,7-Mar-23,4,211,2141,6,Delivered,UPI
March_Sales_2023,255585,7-Mar-23,4,213,2148,8,Delivered,UPI
March_Sales_2023,255589,7-Mar-23,4,217,2164,2,Delivered,UPI
March_Sales_2023,255594,8-Mar-23,4,213,2149,1,Delivered,UPI
March_Sales_2023,255597,9-Mar-23,4,217,2166,2,Delivered,UPI
March_Sales_2023,255613,9-Mar-23,4,211,2141,9,Delivered,UPI
March_Sales_2023,255636,11-Mar-23,4,213,2149,4,Delivered,UPI
March_Sales_2023,255646,12-Mar-23,4,214,2155,6,Delivered,UPI
March_Sales_2023,255691,14-Mar-23,4,213,2150,3,Delivered,UPI
March_Sales_2023,255706,14-Mar-23,4,212,2147,1,Delivered,UPI
March_Sales_2023,255717,14-Mar-23,4,211,2142,9,Delivered,UPI
March_Sales_2023,255718,14-Mar-23,4,211,2142,10,Delivered,UPI
March_Sales_2023,255723,15-Mar-23,4,211,2143,5,Delivered,UPI
March_Sales_2023,255732,15-Mar-23,4,212,2147,9,Delivered,UPI
March_Sales_2023,255734,15-Mar-23,4,217,2165,6,Delivered,UPI
March_Sales_2023,255741,15-Mar-23,4,217,2165,7,Delivered,UPI
March_Sales_2023,255744,15-Mar-23,4,211,2142,2,Delivered,UPI
March_Sales_2023,255748,15-Mar-23,4,212,2145,5,Delivered,UPI
March_Sales_2023,255750,15-Mar-23,4,214,2151,4,Delivered,UPI
March_Sales_2023,255751,15-Mar-23,4,212,2147,9,Delivered,UPI
March_Sales_2023,255761,15-Mar-23,4,211,2142,9,Delivered,UPI
March_Sales_2023,255771,16-Mar-23,4,214,2154,4,Delivered,UPI
March_Sales_2023,255773,16-Mar-23,4,214,2155,10,Delivered,UPI
March_Sales_2023,255776,16-Mar-23,4,217,2165,10,Delivered,UPI
March_Sales_2023,255791,16-Mar-23,4,213,2148,6,Delivered,UPI
March_Sales_2023,255792,16-Mar-23,4,213,2150,3,Delivered,UPI
March_Sales_2023,255800,17-Mar-23,4,212,2147,1,Delivered,UPI
March_Sales_2023,255802,17-Mar-23,4,212,2147,6,Delivered,UPI
March_Sales_2023,255804,17-Mar-23,4,211,2144,7,Delivered,UPI
March_Sales_2023,255812,17-Mar-23,4,214,2152,5,Delivered,UPI
March_Sales_2023,255838,19-Mar-23,4,216,2163,2,Delivered,UPI
March_Sales_2023,255839,19-Mar-23,4,212,2145,9,Delivered,UPI
March_Sales_2023,255854,19-Mar-23,4,214,2154,8,Delivered,UPI
March_Sales_2023,255862,19-Mar-23,4,217,2165,8,Delivered,UPI
March_Sales_2023,255871,21-Mar-23,4,211,2141,6,Delivered,UPI
March_Sales_2023,255882,21-Mar-23,4,211,2142,10,Delivered,UPI
March_Sales_2023,255884,21-Mar-23,4,212,2147,3,Delivered,UPI
March_Sales_2023,255888,21-Mar-23,4,214,2155,6,Delivered,UPI
March_Sales_2023,255905,21-Mar-23,4,214,2155,9,Delivered,UPI
March_Sales_2023,255932,22-Mar-23,4,212,2147,4,Delivered,UPI
March_Sales_2023,255936,22-Mar-23,4,212,2145,3,Delivered,UPI
March_Sales_2023,255956,23-Mar-23,4,212,2147,10,Delivered,UPI
March_Sales_2023,255964,23-Mar-23,4,212,2147,4,Delivered,UPI
March_Sales_2023,255976,23-Mar-23,4,212,2147,10,Delivered,UPI
March_Sales_2023,255980,23-Mar-23,4,211,2141,3,Delivered,UPI
March_Sales_2023,255984,24-Mar-23,4,212,2146,7,Delivered,UPI
March_Sales_2023,256000,25-Mar-23,4,213,2149,3,Delivered,UPI
March_Sales_2023,256004,25-Mar-23,4,212,2147,9,Delivered,UPI
March_Sales_2023,256018,25-Mar-23,4,213,2149,9,Delivered,UPI
March_Sales_2023,256020,25-Mar-23,4,211,2141,8,Delivered,UPI
March_Sales_2023,256023,25-Mar-23,4,212,2147,5,Delivered,UPI
March_Sales_2023,256037,27-Mar-23,4,211,2143,5,Delivered,UPI
March_Sales_2023,256056,27-Mar-23,4,211,2142,9,Delivered,UPI
March_Sales_2023,256087,28-Mar-23,4,212,2147,1,Delivered,UPI
March_Sales_2023,256099,29-Mar-23,4,211,2142,3,Delivered,UPI
March_Sales_2023,256120,29-Mar-23,4,213,2150,3,Delivered,UPI
March_Sales_2023,256121,29-Mar-23,4,212,2145,5,Delivered,UPI
March_Sales_2023,256125,30-Mar-23,4,216,2160,6,Delivered,UPI
March_Sales_2023,256145,30-Mar-23,4,216,2162,9,Delivered,UPI
March_Sales_2023,256157,30-Mar-23,4,213,2148,9,Delivered,UPI
March_Sales_2023,256167,30-Mar-23,4,212,2147,3,Delivered,UPI
March_Sales_2023,256174,31-Mar-23,4,216,2161,2,Delivered,UPI
March_Sales_2023,256180,31-Mar-23,4,211,2144,3,Delivered,UPI
April_Sales_2023,256227,4-Apr-23,15,217,2165,10,Delivered,UPI
April_Sales_2023,256231,4-Apr-23,13,217,2165,3,Delivered,UPI
April_Sales_2023,256234,4-Apr-23,26,217,2164,2,Delivered,UPI
April_Sales_2023,256236,4-Apr-23,26,217,2164,2,Delivered,UPI
April_Sales_2023,256239,4-Apr-23,23,217,2164,7,Delivered,UPI
April_Sales_2023,256253,4-Apr-23,11,217,2165,6,Delivered,UPI
April_Sales_2023,256254,4-Apr-23,16,217,2166,2,Delivered,UPI
April_Sales_2023,256281,5-Apr-23,10,217,2164,5,Delivered,UPI
April_Sales_2023,256293,8-Apr-23,1,217,2167,2,Delivered,UPI
April_Sales_2023,256307,8-Apr-23,5,217,2165,9,Delivered,UPI
April_Sales_2023,256354,13-Apr-23,7,217,2164,6,Delivered,UPI
April_Sales_2023,256365,14-Apr-23,3,217,2164,7,Delivered,UPI
April_Sales_2023,256395,14-Apr-23,22,217,2164,1,Delivered,UPI
April_Sales_2023,256443,16-Apr-23,19,217,2165,9,Delivered,UPI
April_Sales_2023,256504,17-Apr-23,11,217,2165,3,Delivered,UPI
April_Sales_2023,256516,18-Apr-23,18,217,2165,3,Delivered,UPI
April_Sales_2023,256519,18-Apr-23,14,217,2164,6,Delivered,UPI
April_Sales_2023,256535,18-Apr-23,26,217,2164,4,Delivered,UPI
April_Sales_2023,256539,18-Apr-23,29,217,2165,8,Delivered,UPI
April_Sales_2023,256556,19-Apr-23,24,217,2164,8,Delivered,UPI
April_Sales_2023,256600,22-Apr-23,29,217,2164,8,Delivered,UPI
April_Sales_2023,256629,24-Apr-23,11,217,2165,7,Delivered,UPI
April_Sales_2023,256647,25-Apr-23,27,217,2165,1,Delivered,UPI
February_Sales_2023,254675,2-Feb-23,26,217,2165,2,Delivered,UPI
February_Sales_2023,254707,3-Feb-23,29,217,2165,9,Delivered,UPI
February_Sales_2023,254758,4-Feb-23,5,217,2165,2,Delivered,UPI
February_Sales_2023,254774,4-Feb-23,2,217,2167,2,Delivered,UPI
February_Sales_2023,254785,5-Feb-23,21,217,2165,6,Delivered,UPI
February_Sales_2023,254799,5-Feb-23,20,217,2165,8,Delivered,UPI
February_Sales_2023,254832,7-Feb-23,28,217,2165,3,Delivered,UPI
February_Sales_2023,254857,7-Feb-23,23,217,2165,6,Delivered,UPI
February_Sales_2023,254886,8-Feb-23,28,217,2164,8,Delivered,UPI
February_Sales_2023,254888,8-Feb-23,28,217,2165,10,Delivered,UPI
February_Sales_2023,254950,11-Feb-23,29,217,2165,9,Delivered,UPI
February_Sales_2023,254987,12-Feb-23,19,217,2165,9,Delivered,UPI
February_Sales_2023,255029,15-Feb-23,16,217,2165,3,Delivered,UPI
February_Sales_2023,255067,15-Feb-23,29,217,2164,1,Delivered,UPI
February_Sales_2023,255076,16-Feb-23,19,217,2167,9,Delivered,UPI
February_Sales_2023,255095,16-Feb-23,29,217,2166,2,Delivered,UPI
February_Sales_2023,255130,18-Feb-23,13,217,2164,9,Delivered,UPI
February_Sales_2023,255238,21-Feb-23,20,217,2164,1,Delivered,UPI
February_Sales_2023,255254,22-Feb-23,13,217,2165,4,Delivered,UPI
February_Sales_2023,255332,25-Feb-23,2,217,2165,2,Delivered,UPI
February_Sales_2023,255357,26-Feb-23,14,217,2167,8,Delivered,UPI
February_Sales_2023,255363,26-Feb-23,19,217,2165,5,Delivered,UPI
February_Sales_2023,255388,27-Feb-23,29,217,2167,6,Delivered,UPI
January_Sales_2023,254044,4-Jan-23,15,217,2165,10,Delivered,UPI
January_Sales_2023,254048,4-Jan-23,13,217,2165,3,Delivered,UPI
January_Sales_2023,254051,4-Jan-23,26,217,2164,2,Delivered,UPI
January_Sales_2023,254053,4-Jan-23,26,217,2164,2,Delivered,UPI
January_Sales_2023,254056,4-Jan-23,23,217,2164,7,Delivered,UPI
January_Sales_2023,254070,4-Jan-23,11,217,2165,6,Delivered,UPI
January_Sales_2023,254071,4-Jan-23,16,217,2166,2,Delivered,UPI
January_Sales_2023,254098,5-Jan-23,10,217,2164,5,Delivered,UPI
January_Sales_2023,254110,8-Jan-23,1,217,2167,2,Delivered,UPI
January_Sales_2023,254124,8-Jan-23,5,217,2165,9,Delivered,UPI
January_Sales_2023,254171,13-Jan-23,7,217,2164,6,Delivered,UPI
January_Sales_2023,254182,14-Jan-23,3,217,2164,7,Delivered,UPI
January_Sales_2023,254212,14-Jan-23,22,217,2164,1,Delivered,UPI
January_Sales_2023,254260,16-Jan-23,19,217,2165,9,Delivered,UPI
January_Sales_2023,254321,17-Jan-23,11,217,2165,3,Delivered,UPI
January_Sales_2023,254333,18-Jan-23,18,217,2165,3,Delivered,UPI
January_Sales_2023,254336,18-Jan-23,14,217,2164,6,Delivered,UPI
January_Sales_2023,254352,18-Jan-23,26,217,2164,4,Delivered,UPI
January_Sales_2023,254356,18-Jan-23,29,217,2165,8,Delivered,UPI
January_Sales_2023,254373,19-Jan-23,24,217,2164,8,Delivered,UPI
January_Sales_2023,254417,22-Jan-23,29,217,2164,8,Delivered,UPI
January_Sales_2023,254446,24-Jan-23,11,217,2165,7,Delivered,UPI
January_Sales_2023,254464,25-Jan-23,27,217,2165,1,Delivered,UPI
January_Sales_2023,254621,31-Jan-23,24,217,2167,9,Delivered,UPI
March_Sales_2023,255428,1-Mar-23,8,217,2164,8,Delivered,UPI
March_Sales_2023,255438,2-Mar-23,1,217,2165,2,Delivered,UPI
March_Sales_2023,255474,3-Mar-23,27,217,2164,9,Delivered,UPI
March_Sales_2023,255495,4-Mar-23,7,217,2164,5,Delivered,UPI
March_Sales_2023,255546,6-Mar-23,14,217,2165,6,Delivered,UPI
March_Sales_2023,255562,6-Mar-23,21,217,2167,1,Delivered,UPI
March_Sales_2023,255651,12-Mar-23,22,217,2164,5,Delivered,UPI
March_Sales_2023,255683,13-Mar-23,15,217,2164,1,Delivered,UPI
March_Sales_2023,255713,14-Mar-23,5,217,2166,7,Delivered,UPI
March_Sales_2023,255765,16-Mar-23,1,217,2165,5,Delivered,UPI
March_Sales_2023,255825,18-Mar-23,12,217,2164,9,Delivered,UPI
March_Sales_2023,255834,18-Mar-23,12,217,2165,10,Delivered,UPI
March_Sales_2023,255856,19-Mar-23,28,217,2164,8,Delivered,UPI
March_Sales_2023,255901,21-Mar-23,21,217,2167,3,Delivered,UPI
March_Sales_2023,255938,22-Mar-23,23,217,2167,3,Delivered,UPI
March_Sales_2023,255975,23-Mar-23,21,217,2164,8,Delivered,UPI
March_Sales_2023,255988,24-Mar-23,13,217,2165,8,Delivered,UPI
March_Sales_2023,255996,24-Mar-23,11,217,2165,7,Delivered,UPI
March_Sales_2023,256094,29-Mar-23,20,217,2167,7,Delivered,UPI
March_Sales_2023,256100,29-Mar-23,22,217,2165,3,Delivered,UPI
March_Sales_2023,256122,29-Mar-23,2,217,2164,10,Delivered,UPI
March_Sales_2023,256151,30-Mar-23,14,217,2165,2,Delivered,UPI
March_Sales_2023,256152,30-Mar-23,10,217,2165,4,Delivered,UPI
March_Sales_2023,256172,31-Mar-23,13,217,2165,7,Delivered,UPI
March_Sales_2023,256178,31-Mar-23,8,217,2166,9,Delivered,UPI
April_Sales_2023,256230,4-Apr-23,12,213,2148,10,Delivered,UPI
April_Sales_2023,256282,6-Apr-23,7,213,2150,2,Delivered,UPI
April_Sales_2023,256296,8-Apr-23,15,213,2150,2,Delivered,UPI
April_Sales_2023,256326,8-Apr-23,28,213,2150,10,Delivered,UPI
April_Sales_2023,256328,8-Apr-23,16,213,2150,8,Delivered,UPI
April_Sales_2023,256361,14-Apr-23,8,213,2150,5,Delivered,UPI
April_Sales_2023,256367,14-Apr-23,1,213,2148,5,Delivered,UPI
April_Sales_2023,256386,14-Apr-23,30,213,2149,8,Delivered,UPI
April_Sales_2023,256399,14-Apr-23,29,213,2149,3,Delivered,UPI
April_Sales_2023,256418,15-Apr-23,1,213,2148,4,Delivered,UPI
April_Sales_2023,256423,15-Apr-23,17,213,2150,6,Delivered,UPI
April_Sales_2023,256440,15-Apr-23,9,213,2150,4,Delivered,UPI
April_Sales_2023,256447,16-Apr-23,30,213,2148,4,Delivered,UPI
April_Sales_2023,256458,16-Apr-23,13,213,2150,6,Delivered,UPI
April_Sales_2023,256464,16-Apr-23,9,213,2148,7,Delivered,UPI
April_Sales_2023,256555,18-Apr-23,8,213,2150,10,Delivered,UPI
April_Sales_2023,256589,22-Apr-23,19,213,2150,3,Delivered,UPI
April_Sales_2023,256598,22-Apr-23,11,213,2148,1,Delivered,UPI
April_Sales_2023,256645,25-Apr-23,20,213,2150,7,Delivered,UPI
April_Sales_2023,256657,25-Apr-23,6,213,2150,5,Delivered,UPI
April_Sales_2023,256661,26-Apr-23,26,213,2148,5,Delivered,UPI
April_Sales_2023,256662,26-Apr-23,19,213,2150,5,Delivered,UPI
April_Sales_2023,256667,26-Apr-23,27,213,2149,6,Delivered,UPI
April_Sales_2023,256682,27-Apr-23,1,213,2150,7,Delivered,UPI
April_Sales_2023,256734,30-Apr-23,27,213,2148,8,Delivered,UPI
February_Sales_2023,254639,1-Feb-23,23,213,2149,3,Delivered,UPI
February_Sales_2023,254665,2-Feb-23,8,213,2148,3,Delivered,UPI
February_Sales_2023,254680,2-Feb-23,12,213,2149,4,Delivered,UPI
February_Sales_2023,254693,2-Feb-23,29,213,2149,9,Delivered,UPI
February_Sales_2023,254713,3-Feb-23,20,213,2148,4,Delivered,UPI
February_Sales_2023,254731,3-Feb-23,18,213,2148,7,Delivered,UPI
February_Sales_2023,254745,4-Feb-23,1,213,2149,8,Delivered,UPI
February_Sales_2023,254747,4-Feb-23,11,213,2150,1,Delivered,UPI
February_Sales_2023,254801,5-Feb-23,12,213,2148,4,Delivered,UPI
February_Sales_2023,254819,6-Feb-23,14,213,2148,8,Delivered,UPI
February_Sales_2023,254841,7-Feb-23,28,213,2149,6,Delivered,UPI
February_Sales_2023,254870,8-Feb-23,23,213,2150,4,Delivered,UPI
February_Sales_2023,254877,8-Feb-23,9,213,2149,5,Delivered,UPI
February_Sales_2023,254883,8-Feb-23,10,213,2150,8,Delivered,UPI
February_Sales_2023,254959,11-Feb-23,7,213,2150,5,Delivered,UPI
February_Sales_2023,254969,12-Feb-23,10,213,2149,3,Delivered,UPI
February_Sales_2023,254988,12-Feb-23,27,213,2149,5,Delivered,UPI
February_Sales_2023,254999,13-Feb-23,21,213,2148,4,Delivered,UPI
February_Sales_2023,255006,13-Feb-23,2,213,2150,9,Delivered,UPI
February_Sales_2023,255009,13-Feb-23,16,213,2150,6,Delivered,UPI
February_Sales_2023,255028,15-Feb-23,10,213,2150,7,Delivered,UPI
February_Sales_2023,255036,15-Feb-23,3,213,2150,7,Delivered,UPI
February_Sales_2023,255046,15-Feb-23,6,213,2148,6,Delivered,UPI
February_Sales_2023,255059,15-Feb-23,29,213,2148,8,Delivered,UPI
February_Sales_2023,255069,15-Feb-23,10,213,2149,3,Delivered,UPI
February_Sales_2023,255090,16-Feb-23,6,213,2150,6,Delivered,UPI
February_Sales_2023,255117,17-Feb-23,6,213,2150,2,Delivered,UPI
February_Sales_2023,255135,18-Feb-23,22,213,2150,6,Delivered,UPI
February_Sales_2023,255146,18-Feb-23,2,213,2149,10,Delivered,UPI
February_Sales_2023,255148,18-Feb-23,3,213,2149,4,Delivered,UPI
February_Sales_2023,255178,19-Feb-23,1,213,2149,2,Delivered,UPI
February_Sales_2023,255188,19-Feb-23,7,213,2148,5,Delivered,UPI
February_Sales_2023,255207,19-Feb-23,7,213,2149,8,Delivered,UPI
February_Sales_2023,255212,19-Feb-23,19,213,2150,9,Delivered,UPI
February_Sales_2023,255229,21-Feb-23,17,213,2148,3,Delivered,UPI
February_Sales_2023,255233,21-Feb-23,2,213,2149,10,Delivered,UPI
February_Sales_2023,255255,22-Feb-23,28,213,2150,4,Delivered,UPI
February_Sales_2023,255337,25-Feb-23,12,213,2149,10,Delivered,UPI
February_Sales_2023,255372,26-Feb-23,14,213,2148,7,Delivered,UPI
February_Sales_2023,255414,28-Feb-23,30,213,2148,3,Delivered,UPI
January_Sales_2023,254047,4-Jan-23,12,213,2148,10,Delivered,UPI
January_Sales_2023,254099,6-Jan-23,7,213,2150,2,Delivered,UPI
January_Sales_2023,254113,8-Jan-23,15,213,2150,2,Delivered,UPI
January_Sales_2023,254143,8-Jan-23,28,213,2150,10,Delivered,UPI
January_Sales_2023,254145,8-Jan-23,16,213,2150,8,Delivered,UPI
January_Sales_2023,254178,14-Jan-23,8,213,2150,5,Delivered,UPI
January_Sales_2023,254184,14-Jan-23,1,213,2148,5,Delivered,UPI
January_Sales_2023,254203,14-Jan-23,30,213,2149,8,Delivered,UPI
January_Sales_2023,254216,14-Jan-23,29,213,2149,3,Delivered,UPI
January_Sales_2023,254235,15-Jan-23,1,213,2148,4,Delivered,UPI
January_Sales_2023,254240,15-Jan-23,17,213,2150,6,Delivered,UPI
January_Sales_2023,254257,15-Jan-23,9,213,2150,4,Delivered,UPI
January_Sales_2023,254264,16-Jan-23,30,213,2148,4,Delivered,UPI
January_Sales_2023,254275,16-Jan-23,13,213,2150,6,Delivered,UPI
January_Sales_2023,254281,16-Jan-23,9,213,2148,7,Delivered,UPI
January_Sales_2023,254372,18-Jan-23,8,213,2150,10,Delivered,UPI
January_Sales_2023,254406,22-Jan-23,19,213,2150,3,Delivered,UPI
January_Sales_2023,254415,22-Jan-23,11,213,2148,1,Delivered,UPI
January_Sales_2023,254462,25-Jan-23,20,213,2150,7,Delivered,UPI
January_Sales_2023,254474,25-Jan-23,6,213,2150,5,Delivered,UPI
January_Sales_2023,254478,26-Jan-23,26,213,2148,5,Delivered,UPI
January_Sales_2023,254479,26-Jan-23,19,213,2150,5,Delivered,UPI
January_Sales_2023,254484,26-Jan-23,27,213,2149,6,Delivered,UPI
January_Sales_2023,254499,27-Jan-23,1,213,2150,7,Delivered,UPI
January_Sales_2023,254551,30-Jan-23,27,213,2148,8,Delivered,UPI
January_Sales_2023,254583,31-Jan-23,30,213,2148,10,Delivered,UPI
January_Sales_2023,254616,31-Jan-23,2,213,2148,2,Delivered,UPI
January_Sales_2023,254623,31-Jan-23,13,213,2150,6,Delivered,UPI
March_Sales_2023,255450,2-Mar-23,2,213,2150,1,Delivered,UPI
March_Sales_2023,255451,2-Mar-23,30,213,2149,1,Delivered,UPI
March_Sales_2023,255471,3-Mar-23,30,213,2148,6,Delivered,UPI
March_Sales_2023,255542,5-Mar-23,1,213,2150,1,Delivered,UPI
March_Sales_2023,255552,6-Mar-23,29,213,2148,4,Delivered,UPI
March_Sales_2023,255561,6-Mar-23,20,213,2148,5,Delivered,UPI
March_Sales_2023,255578,7-Mar-23,24,213,2148,9,Delivered,UPI
March_Sales_2023,255603,9-Mar-23,14,213,2149,7,Delivered,UPI
March_Sales_2023,255618,9-Mar-23,22,213,2148,10,Delivered,UPI
March_Sales_2023,255630,11-Mar-23,30,213,2148,6,Delivered,UPI
March_Sales_2023,255673,13-Mar-23,18,213,2150,4,Delivered,UPI
March_Sales_2023,255709,14-Mar-23,5,213,2148,2,Delivered,UPI
March_Sales_2023,255747,15-Mar-23,8,213,2148,7,Delivered,UPI
March_Sales_2023,255754,15-Mar-23,7,213,2148,4,Delivered,UPI
March_Sales_2023,255757,15-Mar-23,12,213,2148,10,Delivered,UPI
March_Sales_2023,255790,16-Mar-23,7,213,2149,9,Delivered,UPI
March_Sales_2023,255807,17-Mar-23,16,213,2148,1,Delivered,UPI
March_Sales_2023,255832,18-Mar-23,20,213,2149,2,Delivered,UPI
March_Sales_2023,255876,21-Mar-23,30,213,2148,1,Delivered,UPI
March_Sales_2023,255880,21-Mar-23,16,213,2150,8,Delivered,UPI
March_Sales_2023,255892,21-Mar-23,21,213,2150,5,Delivered,UPI
March_Sales_2023,255910,21-Mar-23,20,213,2149,5,Delivered,UPI
March_Sales_2023,255926,22-Mar-23,3,213,2148,5,Delivered,UPI
March_Sales_2023,255952,22-Mar-23,20,213,2149,7,Delivered,UPI
March_Sales_2023,255987,24-Mar-23,18,213,2149,7,Delivered,UPI
March_Sales_2023,255997,24-Mar-23,28,213,2148,2,Delivered,UPI
March_Sales_2023,255999,25-Mar-23,5,213,2149,10,Delivered,UPI
March_Sales_2023,256001,25-Mar-23,11,213,2150,7,Delivered,UPI
March_Sales_2023,256042,27-Mar-23,13,213,2148,3,Delivered,UPI
March_Sales_2023,256061,28-Mar-23,29,213,2148,4,Delivered,UPI
March_Sales_2023,256066,28-Mar-23,3,213,2150,5,Delivered,UPI
March_Sales_2023,256097,29-Mar-23,21,213,2149,10,Delivered,UPI
March_Sales_2023,256111,29-Mar-23,5,213,2148,8,Delivered,UPI
March_Sales_2023,256113,29-Mar-23,20,213,2148,10,Delivered,UPI
March_Sales_2023,256118,29-Mar-23,9,213,2149,2,Delivered,UPI
March_Sales_2023,256130,30-Mar-23,6,213,2150,4,Delivered,UPI
March_Sales_2023,256168,30-Mar-23,28,213,2148,1,Delivered,UPI
April_Sales_2023,256191,1-Apr-23,15,216,2161,7,Delivered,UPI
April_Sales_2023,256210,2-Apr-23,27,216,2163,2,Delivered,UPI
April_Sales_2023,256216,3-Apr-23,19,216,2163,1,Delivered,UPI
April_Sales_2023,256286,7-Apr-23,15,216,2160,5,Delivered,UPI
April_Sales_2023,256299,8-Apr-23,12,216,2161,4,Delivered,UPI
April_Sales_2023,256300,8-Apr-23,12,216,2162,5,Delivered,UPI
April_Sales_2023,256319,8-Apr-23,21,216,2163,5,Delivered,UPI
April_Sales_2023,256333,9-Apr-23,13,216,2160,10,Delivered,UPI
April_Sales_2023,256342,10-Apr-23,24,216,2160,4,Delivered,UPI
April_Sales_2023,256350,13-Apr-23,14,216,2160,7,Delivered,UPI
April_Sales_2023,256431,15-Apr-23,27,216,2163,6,Delivered,UPI
April_Sales_2023,256437,15-Apr-23,2,216,2162,8,Delivered,UPI
April_Sales_2023,256449,16-Apr-23,23,216,2163,10,Delivered,UPI
April_Sales_2023,256466,16-Apr-23,6,216,2163,4,Delivered,UPI
April_Sales_2023,256485,16-Apr-23,2,216,2163,10,Delivered,UPI
April_Sales_2023,256522,18-Apr-23,11,216,2162,7,Delivered,UPI
April_Sales_2023,256567,20-Apr-23,27,216,2163,3,Delivered,UPI
April_Sales_2023,256573,20-Apr-23,22,216,2160,4,Delivered,UPI
April_Sales_2023,256575,20-Apr-23,3,216,2163,9,Delivered,UPI
April_Sales_2023,256644,25-Apr-23,14,216,2161,10,Delivered,UPI
April_Sales_2023,256670,26-Apr-23,23,216,2161,2,Delivered,UPI
April_Sales_2023,256681,27-Apr-23,22,216,2162,5,Delivered,UPI
April_Sales_2023,256688,27-Apr-23,5,216,2160,10,Delivered,UPI
April_Sales_2023,256696,28-Apr-23,16,216,2160,7,Delivered,UPI
April_Sales_2023,256735,30-Apr-23,5,216,2163,10,Delivered,UPI
April_Sales_2023,256750,30-Apr-23,12,216,2163,1,Delivered,UPI
April_Sales_2023,256756,30-Apr-23,27,216,2162,5,Delivered,UPI
April_Sales_2023,256763,30-Apr-23,20,216,2160,2,Delivered,UPI
February_Sales_2023,254632,1-Feb-23,29,216,2163,3,Delivered,UPI
February_Sales_2023,254685,2-Feb-23,7,216,2160,4,Delivered,UPI
February_Sales_2023,254686,2-Feb-23,26,216,2163,7,Delivered,UPI
February_Sales_2023,254753,4-Feb-23,8,216,2161,6,Delivered,UPI
February_Sales_2023,254754,4-Feb-23,14,216,2160,8,Delivered,UPI
February_Sales_2023,254766,4-Feb-23,28,216,2161,2,Delivered,UPI
February_Sales_2023,254777,4-Feb-23,1,216,2163,9,Delivered,UPI
February_Sales_2023,254804,5-Feb-23,23,216,2160,10,Delivered,UPI
February_Sales_2023,254809,5-Feb-23,15,216,2160,1,Delivered,UPI
February_Sales_2023,254816,6-Feb-23,17,216,2160,3,Delivered,UPI
February_Sales_2023,254825,6-Feb-23,18,216,2163,3,Delivered,UPI
February_Sales_2023,254903,9-Feb-23,5,216,2161,1,Delivered,UPI
February_Sales_2023,254912,9-Feb-23,28,216,2161,7,Delivered,UPI
February_Sales_2023,254996,13-Feb-23,1,216,2160,5,Delivered,UPI
February_Sales_2023,255023,15-Feb-23,15,216,2163,5,Delivered,UPI
February_Sales_2023,255052,15-Feb-23,20,216,2160,10,Delivered,UPI
February_Sales_2023,255098,16-Feb-23,18,216,2160,3,Delivered,UPI
February_Sales_2023,255105,16-Feb-23,10,216,2160,10,Delivered,UPI
February_Sales_2023,255111,17-Feb-23,19,216,2163,8,Delivered,UPI
February_Sales_2023,255122,17-Feb-23,29,216,2163,3,Delivered,UPI
February_Sales_2023,255129,18-Feb-23,3,216,2160,8,Delivered,UPI
February_Sales_2023,255170,19-Feb-23,22,216,2162,6,Delivered,UPI
February_Sales_2023,255175,19-Feb-23,19,216,2160,6,Delivered,UPI
February_Sales_2023,255187,19-Feb-23,1,216,2163,4,Delivered,UPI
February_Sales_2023,255189,19-Feb-23,1,216,2162,10,Delivered,UPI
February_Sales_2023,255213,19-Feb-23,24,216,2160,8,Delivered,UPI
February_Sales_2023,255217,20-Feb-23,24,216,2160,9,Delivered,UPI
February_Sales_2023,255220,20-Feb-23,22,216,2161,2,Delivered,UPI
February_Sales_2023,255265,24-Feb-23,2,216,2161,4,Delivered,UPI
February_Sales_2023,255267,24-Feb-23,27,216,2163,8,Delivered,UPI
February_Sales_2023,255282,24-Feb-23,28,216,2163,6,Delivered,UPI
February_Sales_2023,255296,24-Feb-23,16,216,2160,8,Delivered,UPI
February_Sales_2023,255311,25-Feb-23,23,216,2160,5,Delivered,UPI
February_Sales_2023,255325,25-Feb-23,15,216,2162,9,Delivered,UPI
February_Sales_2023,255364,26-Feb-23,3,216,2163,6,Delivered,UPI
February_Sales_2023,255389,27-Feb-23,28,216,2160,8,Delivered,UPI
February_Sales_2023,255404,27-Feb-23,21,216,2160,1,Delivered,UPI
February_Sales_2023,255407,27-Feb-23,20,216,2160,4,Delivered,UPI
February_Sales_2023,255408,27-Feb-23,1,216,2162,8,Delivered,UPI
January_Sales_2023,254008,2-Jan-23,15,216,2161,7,Delivered,UPI
January_Sales_2023,254027,2-Jan-23,27,216,2163,2,Delivered,UPI
January_Sales_2023,254033,3-Jan-23,19,216,2163,1,Delivered,UPI
January_Sales_2023,254103,7-Jan-23,15,216,2160,5,Delivered,UPI
January_Sales_2023,254116,8-Jan-23,12,216,2161,4,Delivered,UPI
January_Sales_2023,254117,8-Jan-23,12,216,2162,5,Delivered,UPI
January_Sales_2023,254136,8-Jan-23,21,216,2163,5,Delivered,UPI
January_Sales_2023,254150,9-Jan-23,13,216,2160,10,Delivered,UPI
January_Sales_2023,254159,10-Jan-23,24,216,2160,4,Delivered,UPI
January_Sales_2023,254167,13-Jan-23,14,216,2160,7,Delivered,UPI
January_Sales_2023,254248,15-Jan-23,27,216,2163,6,Delivered,UPI
January_Sales_2023,254254,15-Jan-23,2,216,2162,8,Delivered,UPI
January_Sales_2023,254266,16-Jan-23,23,216,2163,10,Delivered,UPI
January_Sales_2023,254283,16-Jan-23,6,216,2163,4,Delivered,UPI
January_Sales_2023,254302,16-Jan-23,2,216,2163,10,Delivered,UPI
January_Sales_2023,254339,18-Jan-23,11,216,2162,7,Delivered,UPI
January_Sales_2023,254384,20-Jan-23,27,216,2163,3,Delivered,UPI
January_Sales_2023,254390,20-Jan-23,22,216,2160,4,Delivered,UPI
January_Sales_2023,254392,20-Jan-23,3,216,2163,9,Delivered,UPI
January_Sales_2023,254461,25-Jan-23,14,216,2161,10,Delivered,UPI
January_Sales_2023,254487,26-Jan-23,23,216,2161,2,Delivered,UPI
January_Sales_2023,254498,27-Jan-23,22,216,2162,5,Delivered,UPI
January_Sales_2023,254505,27-Jan-23,5,216,2160,10,Delivered,UPI
January_Sales_2023,254513,28-Jan-23,16,216,2160,7,Delivered,UPI
January_Sales_2023,254552,30-Jan-23,5,216,2163,10,Delivered,UPI
January_Sales_2023,254567,30-Jan-23,12,216,2163,1,Delivered,UPI
January_Sales_2023,254573,30-Jan-23,27,216,2162,5,Delivered,UPI
January_Sales_2023,254580,30-Jan-23,20,216,2160,2,Delivered,UPI
January_Sales_2023,254587,31-Jan-23,13,216,2162,3,Delivered,UPI
January_Sales_2023,254595,31-Jan-23,12,216,2163,10,Delivered,UPI
January_Sales_2023,254599,31-Jan-23,20,216,2163,4,Delivered,UPI
January_Sales_2023,254618,31-Jan-23,26,216,2163,1,Delivered,UPI
March_Sales_2023,255441,2-Mar-23,21,216,2163,4,Delivered,UPI
March_Sales_2023,255443,2-Mar-23,1,216,2163,1,Delivered,UPI
March_Sales_2023,255445,2-Mar-23,9,216,2160,10,Delivered,UPI
March_Sales_2023,255467,2-Mar-23,15,216,2160,4,Delivered,UPI
March_Sales_2023,255480,4-Mar-23,12,216,2163,10,Delivered,UPI
March_Sales_2023,255499,4-Mar-23,15,216,2163,6,Delivered,UPI
March_Sales_2023,255548,6-Mar-23,8,216,2160,8,Delivered,UPI
March_Sales_2023,255553,6-Mar-23,9,216,2160,4,Delivered,UPI
March_Sales_2023,255582,7-Mar-23,10,216,2161,4,Delivered,UPI
March_Sales_2023,255598,9-Mar-23,20,216,2163,10,Delivered,UPI
March_Sales_2023,255605,9-Mar-23,6,216,2160,3,Delivered,UPI
March_Sales_2023,255642,11-Mar-23,6,216,2161,10,Delivered,UPI
March_Sales_2023,255659,13-Mar-23,10,216,2163,7,Delivered,UPI
March_Sales_2023,255705,14-Mar-23,21,216,2160,3,Delivered,UPI
March_Sales_2023,255710,14-Mar-23,26,216,2162,2,Delivered,UPI
March_Sales_2023,255729,15-Mar-23,5,216,2160,7,Delivered,UPI
March_Sales_2023,255764,16-Mar-23,14,216,2160,3,Delivered,UPI
March_Sales_2023,255778,16-Mar-23,17,216,2162,5,Delivered,UPI
March_Sales_2023,255851,19-Mar-23,29,216,2161,6,Delivered,UPI
March_Sales_2023,255917,22-Mar-23,1,216,2160,2,Delivered,UPI
March_Sales_2023,255934,22-Mar-23,29,216,2160,8,Delivered,UPI
March_Sales_2023,255945,22-Mar-23,27,216,2160,8,Delivered,UPI
March_Sales_2023,255949,22-Mar-23,7,216,2161,8,Delivered,UPI
March_Sales_2023,255961,23-Mar-23,28,216,2161,6,Delivered,UPI
March_Sales_2023,255970,23-Mar-23,26,216,2160,1,Delivered,UPI
March_Sales_2023,255991,24-Mar-23,14,216,2161,3,Delivered,UPI
March_Sales_2023,256068,28-Mar-23,16,216,2162,8,Delivered,UPI
March_Sales_2023,256084,28-Mar-23,12,216,2163,7,Delivered,UPI
March_Sales_2023,256086,28-Mar-23,7,216,2163,6,Delivered,UPI
March_Sales_2023,256107,29-Mar-23,1,216,2163,8,Delivered,UPI
March_Sales_2023,256126,30-Mar-23,29,216,2163,7,Delivered,UPI
March_Sales_2023,256142,30-Mar-23,13,216,2162,9,Delivered,UPI
April_Sales_2023,256261,5-Apr-23,9,214,2154,6,Delivered,UPI
April_Sales_2023,256278,5-Apr-23,19,214,2154,10,Delivered,UPI
April_Sales_2023,256314,8-Apr-23,3,214,2155,10,Delivered,UPI
April_Sales_2023,256316,8-Apr-23,27,214,2153,2,Delivered,UPI
April_Sales_2023,256323,8-Apr-23,19,214,2155,2,Delivered,UPI
April_Sales_2023,256324,8-Apr-23,8,214,2151,9,Delivered,UPI
April_Sales_2023,256346,11-Apr-23,28,214,2153,6,Delivered,UPI
April_Sales_2023,256359,13-Apr-23,3,214,2151,8,Delivered,UPI
April_Sales_2023,256369,14-Apr-23,19,214,2153,7,Delivered,UPI
April_Sales_2023,256379,14-Apr-23,27,214,2153,7,Delivered,UPI
April_Sales_2023,256390,14-Apr-23,19,214,2151,3,Delivered,UPI
April_Sales_2023,256393,14-Apr-23,6,214,2155,4,Delivered,UPI
April_Sales_2023,256412,15-Apr-23,8,214,2155,9,Delivered,UPI
April_Sales_2023,256413,15-Apr-23,22,214,2154,4,Delivered,UPI
April_Sales_2023,256426,15-Apr-23,17,214,2153,6,Delivered,UPI
April_Sales_2023,256444,16-Apr-23,7,214,2155,3,Delivered,UPI
April_Sales_2023,256465,16-Apr-23,18,214,2152,9,Delivered,UPI
April_Sales_2023,256474,16-Apr-23,3,214,2155,8,Delivered,UPI
April_Sales_2023,256487,16-Apr-23,7,214,2155,7,Delivered,UPI
April_Sales_2023,256498,17-Apr-23,30,214,2153,1,Delivered,UPI
April_Sales_2023,256500,17-Apr-23,9,214,2153,7,Delivered,UPI
April_Sales_2023,256503,17-Apr-23,1,214,2151,7,Delivered,UPI
April_Sales_2023,256526,18-Apr-23,19,214,2155,7,Delivered,UPI
April_Sales_2023,256534,18-Apr-23,21,214,2152,2,Delivered,UPI
April_Sales_2023,256537,18-Apr-23,8,214,2153,7,Delivered,UPI
April_Sales_2023,256550,18-Apr-23,28,214,2151,8,Delivered,UPI
April_Sales_2023,256574,20-Apr-23,10,214,2155,9,Delivered,UPI
April_Sales_2023,256584,22-Apr-23,10,214,2154,4,Delivered,UPI
April_Sales_2023,256587,22-Apr-23,9,214,2154,4,Delivered,UPI
April_Sales_2023,256593,22-Apr-23,13,214,2151,4,Delivered,UPI
April_Sales_2023,256614,22-Apr-23,13,214,2154,7,Delivered,UPI
April_Sales_2023,256633,25-Apr-23,22,214,2154,6,Delivered,UPI
April_Sales_2023,256675,26-Apr-23,9,214,2154,10,Delivered,UPI
April_Sales_2023,256698,28-Apr-23,21,214,2155,5,Delivered,UPI
April_Sales_2023,256704,29-Apr-23,7,214,2155,1,Delivered,UPI
April_Sales_2023,256705,29-Apr-23,16,214,2155,4,Delivered,UPI
April_Sales_2023,256726,30-Apr-23,23,214,2151,8,Delivered,UPI
April_Sales_2023,256741,30-Apr-23,18,214,2155,7,Delivered,UPI
February_Sales_2023,254673,2-Feb-23,10,214,2155,1,Delivered,UPI
February_Sales_2023,254674,2-Feb-23,27,214,2154,6,Delivered,UPI
February_Sales_2023,254683,2-Feb-23,30,214,2151,9,Delivered,UPI
February_Sales_2023,254735,3-Feb-23,10,214,2155,2,Delivered,UPI
February_Sales_2023,254761,4-Feb-23,10,214,2155,9,Delivered,UPI
February_Sales_2023,254770,4-Feb-23,27,214,2155,6,Delivered,UPI
February_Sales_2023,254776,4-Feb-23,21,214,2151,7,Delivered,UPI
February_Sales_2023,254791,5-Feb-23,24,214,2151,3,Delivered,UPI
February_Sales_2023,254811,5-Feb-23,23,214,2154,4,Delivered,UPI
February_Sales_2023,254817,6-Feb-23,1,214,2153,10,Delivered,UPI
February_Sales_2023,254858,7-Feb-23,23,214,2152,8,Delivered,UPI
February_Sales_2023,254882,8-Feb-23,29,214,2151,9,Delivered,UPI
February_Sales_2023,254885,8-Feb-23,19,214,2153,2,Delivered,UPI
February_Sales_2023,254898,9-Feb-23,30,214,2153,3,Delivered,UPI
February_Sales_2023,254899,9-Feb-23,5,214,2155,3,Delivered,UPI
February_Sales_2023,254914,9-Feb-23,8,214,2154,2,Delivered,UPI
February_Sales_2023,254954,11-Feb-23,5,214,2151,2,Delivered,UPI
February_Sales_2023,254958,11-Feb-23,15,214,2154,2,Delivered,UPI
February_Sales_2023,254967,12-Feb-23,26,214,2153,8,Delivered,UPI
February_Sales_2023,254995,13-Feb-23,30,214,2152,7,Delivered,UPI
February_Sales_2023,255035,15-Feb-23,20,214,2155,8,Delivered,UPI
February_Sales_2023,255039,15-Feb-23,6,214,2154,5,Delivered,UPI
February_Sales_2023,255073,16-Feb-23,5,214,2153,4,Delivered,UPI
February_Sales_2023,255075,16-Feb-23,28,214,2155,5,Delivered,UPI
February_Sales_2023,255101,16-Feb-23,6,214,2151,3,Delivered,UPI
February_Sales_2023,255106,16-Feb-23,8,214,2155,7,Delivered,UPI
February_Sales_2023,255115,17-Feb-23,6,214,2152,6,Delivered,UPI
February_Sales_2023,255124,17-Feb-23,9,214,2154,5,Delivered,UPI
February_Sales_2023,255144,18-Feb-23,21,214,2154,9,Delivered,UPI
February_Sales_2023,255177,19-Feb-23,3,214,2154,2,Delivered,UPI
February_Sales_2023,255198,19-Feb-23,12,214,2155,3,Delivered,UPI
February_Sales_2023,255200,19-Feb-23,22,214,2154,7,Delivered,UPI
February_Sales_2023,255201,19-Feb-23,8,214,2155,10,Delivered,UPI
February_Sales_2023,255215,19-Feb-23,21,214,2154,7,Delivered,UPI
February_Sales_2023,255222,20-Feb-23,13,214,2151,6,Delivered,UPI
February_Sales_2023,255224,20-Feb-23,1,214,2154,4,Delivered,UPI
February_Sales_2023,255239,21-Feb-23,12,214,2155,4,Delivered,UPI
February_Sales_2023,255269,24-Feb-23,8,214,2152,8,Delivered,UPI
February_Sales_2023,255277,24-Feb-23,7,214,2155,10,Delivered,UPI
February_Sales_2023,255280,24-Feb-23,12,214,2154,7,Delivered,UPI
February_Sales_2023,255286,24-Feb-23,1,214,2152,2,Delivered,UPI
February_Sales_2023,255290,24-Feb-23,5,214,2153,6,Delivered,UPI
February_Sales_2023,255295,24-Feb-23,22,214,2154,8,Delivered,UPI
February_Sales_2023,255302,24-Feb-23,12,214,2151,5,Delivered,UPI
February_Sales_2023,255324,25-Feb-23,26,214,2155,7,Delivered,UPI
February_Sales_2023,255328,25-Feb-23,2,214,2155,9,Delivered,UPI
February_Sales_2023,255358,26-Feb-23,1,214,2155,2,Delivered,UPI
February_Sales_2023,255366,26-Feb-23,19,214,2151,9,Delivered,UPI
February_Sales_2023,255370,26-Feb-23,10,214,2153,9,Delivered,UPI
February_Sales_2023,255373,26-Feb-23,21,214,2154,9,Delivered,UPI
February_Sales_2023,255411,28-Feb-23,23,214,2155,1,Delivered,UPI
January_Sales_2023,254078,5-Jan-23,9,214,2154,6,Delivered,UPI
January_Sales_2023,254095,5-Jan-23,19,214,2154,10,Delivered,UPI
January_Sales_2023,254131,8-Jan-23,3,214,2155,10,Delivered,UPI
January_Sales_2023,254133,8-Jan-23,27,214,2153,2,Delivered,UPI
January_Sales_2023,254140,8-Jan-23,19,214,2155,2,Delivered,UPI
January_Sales_2023,254141,8-Jan-23,8,214,2151,9,Delivered,UPI
January_Sales_2023,254163,11-Jan-23,28,214,2153,6,Delivered,UPI
January_Sales_2023,254176,13-Jan-23,3,214,2151,8,Delivered,UPI
January_Sales_2023,254186,14-Jan-23,19,214,2153,7,Delivered,UPI
January_Sales_2023,254196,14-Jan-23,27,214,2153,7,Delivered,UPI
January_Sales_2023,254207,14-Jan-23,19,214,2151,3,Delivered,UPI
January_Sales_2023,254210,14-Jan-23,6,214,2155,4,Delivered,UPI
January_Sales_2023,254229,15-Jan-23,8,214,2155,9,Delivered,UPI
January_Sales_2023,254230,15-Jan-23,22,214,2154,4,Delivered,UPI
January_Sales_2023,254243,15-Jan-23,17,214,2153,6,Delivered,UPI
January_Sales_2023,254261,16-Jan-23,7,214,2155,3,Delivered,UPI
January_Sales_2023,254282,16-Jan-23,18,214,2152,9,Delivered,UPI
January_Sales_2023,254291,16-Jan-23,3,214,2155,8,Delivered,UPI
January_Sales_2023,254304,16-Jan-23,7,214,2155,7,Delivered,UPI
January_Sales_2023,254315,17-Jan-23,30,214,2153,1,Delivered,UPI
January_Sales_2023,254317,17-Jan-23,9,214,2153,7,Delivered,UPI
January_Sales_2023,254320,17-Jan-23,1,214,2151,7,Delivered,UPI
January_Sales_2023,254343,18-Jan-23,19,214,2155,7,Delivered,UPI
January_Sales_2023,254351,18-Jan-23,21,214,2152,2,Delivered,UPI
January_Sales_2023,254354,18-Jan-23,8,214,2153,7,Delivered,UPI
January_Sales_2023,254367,18-Jan-23,28,214,2151,8,Delivered,UPI
January_Sales_2023,254391,20-Jan-23,10,214,2155,9,Delivered,UPI
January_Sales_2023,254401,22-Jan-23,10,214,2154,4,Delivered,UPI
January_Sales_2023,254404,22-Jan-23,9,214,2154,4,Delivered,UPI
January_Sales_2023,254410,22-Jan-23,13,214,2151,4,Delivered,UPI
January_Sales_2023,254425,22-Jan-23,13,214,2155,8,Delivered,UPI
January_Sales_2023,254426,22-Jan-23,11,214,2153,3,Delivered,UPI
January_Sales_2023,254431,22-Jan-23,13,214,2154,7,Delivered,UPI
January_Sales_2023,254450,25-Jan-23,22,214,2154,6,Delivered,UPI
January_Sales_2023,254455,25-Jan-23,28,214,2152,2,Delivered,UPI
January_Sales_2023,254492,26-Jan-23,9,214,2154,10,Delivered,UPI
January_Sales_2023,254515,28-Jan-23,21,214,2155,5,Delivered,UPI
January_Sales_2023,254521,29-Jan-23,7,214,2155,1,Delivered,UPI
January_Sales_2023,254522,29-Jan-23,16,214,2155,4,Delivered,UPI
January_Sales_2023,254543,30-Jan-23,23,214,2151,8,Delivered,UPI
January_Sales_2023,254558,30-Jan-23,18,214,2155,7,Delivered,UPI
January_Sales_2023,254598,31-Jan-23,12,214,2155,9,Delivered,UPI
March_Sales_2023,255453,2-Mar-23,10,214,2155,9,Delivered,UPI
March_Sales_2023,255459,2-Mar-23,9,214,2155,3,Delivered,UPI
March_Sales_2023,255478,4-Mar-23,21,214,2151,4,Delivered,UPI
March_Sales_2023,255523,5-Mar-23,12,214,2153,6,Delivered,UPI
March_Sales_2023,255524,5-Mar-23,24,214,2152,7,Delivered,UPI
March_Sales_2023,255536,5-Mar-23,20,214,2154,4,Delivered,UPI
March_Sales_2023,255576,7-Mar-23,22,214,2155,10,Delivered,UPI
March_Sales_2023,255583,7-Mar-23,24,214,2154,6,Delivered,UPI
March_Sales_2023,255596,9-Mar-23,21,214,2155,5,Delivered,UPI
March_Sales_2023,255631,11-Mar-23,7,214,2151,7,Delivered,UPI
March_Sales_2023,255653,12-Mar-23,19,214,2152,4,Delivered,UPI
March_Sales_2023,255658,13-Mar-23,29,214,2152,2,Delivered,UPI
March_Sales_2023,255680,13-Mar-23,28,214,2154,4,Delivered,UPI
March_Sales_2023,255695,14-Mar-23,5,214,2154,5,Delivered,UPI
March_Sales_2023,255696,14-Mar-23,23,214,2151,8,Delivered,UPI
March_Sales_2023,255775,16-Mar-23,10,214,2152,2,Delivered,UPI
March_Sales_2023,255781,16-Mar-23,15,214,2153,2,Delivered,UPI
March_Sales_2023,255797,17-Mar-23,3,214,2155,9,Delivered,UPI
March_Sales_2023,255806,17-Mar-23,30,214,2151,3,Delivered,UPI
March_Sales_2023,255849,19-Mar-23,19,214,2154,3,Delivered,UPI
March_Sales_2023,255864,19-Mar-23,5,214,2153,3,Delivered,UPI
March_Sales_2023,255877,21-Mar-23,23,214,2155,3,Delivered,UPI
March_Sales_2023,255907,21-Mar-23,20,214,2154,9,Delivered,UPI
March_Sales_2023,255915,22-Mar-23,11,214,2154,9,Delivered,UPI
March_Sales_2023,255929,22-Mar-23,6,214,2155,8,Delivered,UPI
March_Sales_2023,255998,24-Mar-23,19,214,2152,9,Delivered,UPI
March_Sales_2023,256011,25-Mar-23,17,214,2154,8,Delivered,UPI
March_Sales_2023,256031,26-Mar-23,9,214,2155,6,Delivered,UPI
March_Sales_2023,256038,27-Mar-23,12,214,2155,3,Delivered,UPI
March_Sales_2023,256110,29-Mar-23,26,214,2155,6,Delivered,UPI
March_Sales_2023,256149,30-Mar-23,13,214,2153,2,Delivered,UPI
March_Sales_2023,256177,31-Mar-23,16,214,2154,9,Delivered,UPI
April_Sales_2023,256268,5-Apr-23,1,212,2146,10,Delivered,UPI
April_Sales_2023,256378,14-Apr-23,7,212,2146,3,Delivered,UPI
April_Sales_2023,256554,18-Apr-23,16,212,2146,3,Delivered,UPI
April_Sales_2023,256566,20-Apr-23,12,212,2146,4,Delivered,UPI
April_Sales_2023,256568,20-Apr-23,15,212,2146,10,Delivered,UPI
April_Sales_2023,256755,30-Apr-23,6,212,2146,6,Delivered,UPI
February_Sales_2023,254637,1-Feb-23,11,212,2146,10,Delivered,UPI
February_Sales_2023,254976,12-Feb-23,17,212,2146,3,Delivered,UPI
February_Sales_2023,255068,15-Feb-23,5,212,2146,8,Delivered,UPI
February_Sales_2023,255132,18-Feb-23,3,212,2146,8,Delivered,UPI
February_Sales_2023,255197,19-Feb-23,28,212,2146,10,Delivered,UPI
February_Sales_2023,255249,21-Feb-23,28,212,2146,6,Delivered,UPI
February_Sales_2023,255291,24-Feb-23,16,212,2146,2,Delivered,UPI
January_Sales_2023,254085,5-Jan-23,1,212,2146,10,Delivered,UPI
January_Sales_2023,254195,14-Jan-23,7,212,2146,3,Delivered,UPI
January_Sales_2023,254371,18-Jan-23,16,212,2146,3,Delivered,UPI
January_Sales_2023,254383,20-Jan-23,12,212,2146,4,Delivered,UPI
January_Sales_2023,254385,20-Jan-23,15,212,2146,10,Delivered,UPI
January_Sales_2023,254572,30-Jan-23,6,212,2146,6,Delivered,UPI
March_Sales_2023,255470,3-Mar-23,26,212,2146,2,Delivered,UPI
March_Sales_2023,255477,4-Mar-23,26,212,2146,9,Delivered,UPI
March_Sales_2023,255512,4-Mar-23,2,212,2146,3,Delivered,UPI
March_Sales_2023,255638,11-Mar-23,5,212,2146,7,Delivered,UPI
March_Sales_2023,255647,12-Mar-23,15,212,2146,6,Delivered,UPI
March_Sales_2023,255829,18-Mar-23,6,212,2146,3,Delivered,UPI
March_Sales_2023,256005,25-Mar-23,18,212,2146,9,Delivered,UPI
March_Sales_2023,256127,30-Mar-23,7,212,2146,9,Delivered,UPI
March_Sales_2023,256153,30-Mar-23,21,212,2146,6,Delivered,UPI
March_Sales_2023,256169,30-Mar-23,22,212,2146,9,Delivered,UPI
April_Sales_2023,256186,1-Apr-23,28,212,2145,2,Delivered,UPI
April_Sales_2023,256203,2-Apr-23,9,212,2145,8,Delivered,UPI
April_Sales_2023,256204,2-Apr-23,26,212,2145,1,Delivered,UPI
April_Sales_2023,256226,3-Apr-23,30,212,2145,4,Delivered,UPI
April_Sales_2023,256321,8-Apr-23,22,212,2145,6,Delivered,UPI
April_Sales_2023,256332,8-Apr-23,22,212,2145,8,Delivered,UPI
April_Sales_2023,256374,14-Apr-23,30,212,2145,9,Delivered,UPI
April_Sales_2023,256377,14-Apr-23,12,212,2145,10,Delivered,UPI
April_Sales_2023,256433,15-Apr-23,16,212,2145,10,Delivered,UPI
April_Sales_2023,256436,15-Apr-23,17,212,2145,7,Delivered,UPI
April_Sales_2023,256457,16-Apr-23,20,212,2145,6,Delivered,UPI
April_Sales_2023,256525,18-Apr-23,18,212,2145,5,Delivered,UPI
April_Sales_2023,256528,18-Apr-23,30,212,2145,5,Delivered,UPI
April_Sales_2023,256557,19-Apr-23,6,212,2145,9,Delivered,UPI
April_Sales_2023,256565,20-Apr-23,17,212,2145,9,Delivered,UPI
April_Sales_2023,256602,22-Apr-23,5,212,2145,4,Delivered,UPI
April_Sales_2023,256619,23-Apr-23,3,212,2145,6,Delivered,UPI
April_Sales_2023,256648,25-Apr-23,8,212,2145,6,Delivered,UPI
April_Sales_2023,256672,26-Apr-23,12,212,2145,2,Delivered,UPI
April_Sales_2023,256673,26-Apr-23,11,212,2145,6,Delivered,UPI
April_Sales_2023,256691,27-Apr-23,17,212,2145,1,Delivered,UPI
April_Sales_2023,256713,29-Apr-23,1,212,2145,8,Delivered,UPI
February_Sales_2023,254655,2-Feb-23,1,212,2145,8,Delivered,UPI
February_Sales_2023,254677,2-Feb-23,24,212,2145,7,Delivered,UPI
February_Sales_2023,254706,3-Feb-23,11,212,2145,8,Delivered,UPI
February_Sales_2023,254773,4-Feb-23,20,212,2145,5,Delivered,UPI
February_Sales_2023,254850,7-Feb-23,7,212,2145,6,Delivered,UPI
February_Sales_2023,254852,7-Feb-23,15,212,2145,4,Delivered,UPI
February_Sales_2023,254919,10-Feb-23,24,212,2145,8,Delivered,UPI
February_Sales_2023,255003,13-Feb-23,7,212,2145,10,Delivered,UPI
February_Sales_2023,255022,15-Feb-23,1,212,2145,7,Delivered,UPI
February_Sales_2023,255045,15-Feb-23,5,212,2145,4,Delivered,UPI
February_Sales_2023,255071,16-Feb-23,7,212,2145,1,Delivered,UPI
February_Sales_2023,255104,16-Feb-23,7,212,2145,8,Delivered,UPI
February_Sales_2023,255139,18-Feb-23,16,212,2145,6,Delivered,UPI
February_Sales_2023,255157,18-Feb-23,3,212,2145,8,Delivered,UPI
February_Sales_2023,255158,18-Feb-23,3,212,2145,8,Delivered,UPI
February_Sales_2023,255287,24-Feb-23,14,212,2145,1,Delivered,UPI
February_Sales_2023,255321,25-Feb-23,3,212,2145,8,Delivered,UPI
February_Sales_2023,255336,25-Feb-23,22,212,2145,3,Delivered,UPI
February_Sales_2023,255354,26-Feb-23,16,212,2145,2,Delivered,UPI
January_Sales_2023,254003,1-Jan-23,28,212,2145,2,Delivered,UPI
January_Sales_2023,254020,2-Jan-23,9,212,2145,8,Delivered,UPI
January_Sales_2023,254021,2-Jan-23,26,212,2145,1,Delivered,UPI
January_Sales_2023,254043,3-Jan-23,30,212,2145,4,Delivered,UPI
January_Sales_2023,254138,8-Jan-23,22,212,2145,6,Delivered,UPI
January_Sales_2023,254149,8-Jan-23,22,212,2145,8,Delivered,UPI
January_Sales_2023,254191,14-Jan-23,30,212,2145,9,Delivered,UPI
January_Sales_2023,254194,14-Jan-23,12,212,2145,10,Delivered,UPI
January_Sales_2023,254250,15-Jan-23,16,212,2145,10,Delivered,UPI
January_Sales_2023,254253,15-Jan-23,17,212,2145,7,Delivered,UPI
January_Sales_2023,254274,16-Jan-23,20,212,2145,6,Delivered,UPI
January_Sales_2023,254342,18-Jan-23,18,212,2145,5,Delivered,UPI
January_Sales_2023,254345,18-Jan-23,30,212,2145,5,Delivered,UPI
January_Sales_2023,254374,19-Jan-23,6,212,2145,9,Delivered,UPI
January_Sales_2023,254382,20-Jan-23,17,212,2145,9,Delivered,UPI
January_Sales_2023,254419,22-Jan-23,5,212,2145,4,Delivered,UPI
January_Sales_2023,254427,22-Jan-23,14,212,2145,7,Delivered,UPI
January_Sales_2023,254436,23-Jan-23,3,212,2145,6,Delivered,UPI
January_Sales_2023,254465,25-Jan-23,8,212,2145,6,Delivered,UPI
January_Sales_2023,254489,26-Jan-23,12,212,2145,2,Delivered,UPI
January_Sales_2023,254490,26-Jan-23,11,212,2145,6,Delivered,UPI
January_Sales_2023,254508,27-Jan-23,17,212,2145,1,Delivered,UPI
January_Sales_2023,254530,29-Jan-23,1,212,2145,8,Delivered,UPI
January_Sales_2023,254602,31-Jan-23,7,212,2145,3,Delivered,UPI
March_Sales_2023,255422,1-Mar-23,7,212,2145,1,Delivered,UPI
March_Sales_2023,255436,2-Mar-23,2,212,2145,8,Delivered,UPI
March_Sales_2023,255502,4-Mar-23,6,212,2145,6,Delivered,UPI
March_Sales_2023,255550,6-Mar-23,23,212,2145,6,Delivered,UPI
March_Sales_2023,255588,7-Mar-23,19,212,2145,6,Delivered,UPI
March_Sales_2023,255704,14-Mar-23,9,212,2145,2,Delivered,UPI
March_Sales_2023,255733,15-Mar-23,13,212,2145,3,Delivered,UPI
March_Sales_2023,255777,16-Mar-23,7,212,2145,2,Delivered,UPI
March_Sales_2023,255783,16-Mar-23,5,212,2145,6,Delivered,UPI
March_Sales_2023,255786,16-Mar-23,22,212,2145,9,Delivered,UPI
March_Sales_2023,255789,16-Mar-23,15,212,2145,10,Delivered,UPI
March_Sales_2023,255801,17-Mar-23,8,212,2145,5,Delivered,UPI
March_Sales_2023,255803,17-Mar-23,5,212,2145,5,Delivered,UPI
March_Sales_2023,255843,19-Mar-23,2,212,2145,7,Delivered,UPI
March_Sales_2023,255890,21-Mar-23,5,212,2145,1,Delivered,UPI
March_Sales_2023,255898,21-Mar-23,22,212,2145,5,Delivered,UPI
March_Sales_2023,255903,21-Mar-23,15,212,2145,9,Delivered,UPI
March_Sales_2023,255913,21-Mar-23,16,212,2145,10,Delivered,UPI
March_Sales_2023,255916,22-Mar-23,20,212,2145,9,Delivered,UPI
March_Sales_2023,256013,25-Mar-23,15,212,2145,6,Delivered,UPI
March_Sales_2023,256045,27-Mar-23,29,212,2145,1,Delivered,UPI
March_Sales_2023,256057,27-Mar-23,7,212,2145,9,Delivered,UPI
March_Sales_2023,256135,30-Mar-23,27,212,2145,5,Delivered,UPI
March_Sales_2023,256171,31-Mar-23,13,212,2145,1,Delivered,UPI
April_Sales_2023,256193,2-Apr-23,29,212,2147,7,Delivered,UPI
April_Sales_2023,256211,2-Apr-23,30,212,2147,6,Delivered,UPI
April_Sales_2023,256218,3-Apr-23,16,212,2147,4,Delivered,UPI
April_Sales_2023,256245,4-Apr-23,30,212,2147,2,Delivered,UPI
April_Sales_2023,256246,4-Apr-23,3,212,2147,2,Delivered,UPI
April_Sales_2023,256252,4-Apr-23,3,212,2147,2,Delivered,UPI
April_Sales_2023,256291,8-Apr-23,5,212,2147,2,Delivered,UPI
April_Sales_2023,256306,8-Apr-23,18,212,2147,1,Delivered,UPI
April_Sales_2023,256310,8-Apr-23,18,212,2147,4,Delivered,UPI
April_Sales_2023,256375,14-Apr-23,9,212,2147,6,Delivered,UPI
April_Sales_2023,256403,14-Apr-23,15,212,2147,7,Delivered,UPI
April_Sales_2023,256410,15-Apr-23,27,212,2147,10,Delivered,UPI
April_Sales_2023,256439,15-Apr-23,15,212,2147,7,Delivered,UPI
April_Sales_2023,256482,16-Apr-23,10,212,2147,6,Delivered,UPI
April_Sales_2023,256501,17-Apr-23,1,212,2147,7,Delivered,UPI
April_Sales_2023,256511,17-Apr-23,20,212,2147,10,Delivered,UPI
April_Sales_2023,256529,18-Apr-23,3,212,2147,6,Delivered,UPI
April_Sales_2023,256531,18-Apr-23,23,212,2147,8,Delivered,UPI
April_Sales_2023,256538,18-Apr-23,1,212,2147,6,Delivered,UPI
April_Sales_2023,256546,18-Apr-23,8,212,2147,4,Delivered,UPI
April_Sales_2023,256547,18-Apr-23,17,212,2147,7,Delivered,UPI
April_Sales_2023,256578,20-Apr-23,5,212,2147,4,Delivered,UPI
April_Sales_2023,256586,22-Apr-23,29,212,2147,6,Delivered,UPI
April_Sales_2023,256596,22-Apr-23,20,212,2147,8,Delivered,UPI
April_Sales_2023,256643,25-Apr-23,20,212,2147,2,Delivered,UPI
April_Sales_2023,256652,25-Apr-23,9,212,2147,2,Delivered,UPI
April_Sales_2023,256671,26-Apr-23,10,212,2147,8,Delivered,UPI
April_Sales_2023,256743,30-Apr-23,22,212,2147,2,Delivered,UPI
April_Sales_2023,256745,30-Apr-23,7,212,2147,1,Delivered,UPI
April_Sales_2023,256746,30-Apr-23,2,212,2147,4,Delivered,UPI
February_Sales_2023,254633,1-Feb-23,5,212,2147,7,Delivered,UPI
February_Sales_2023,254644,1-Feb-23,7,212,2147,6,Delivered,UPI
February_Sales_2023,254652,2-Feb-23,29,212,2147,5,Delivered,UPI
February_Sales_2023,254658,2-Feb-23,27,212,2147,10,Delivered,UPI
February_Sales_2023,254672,2-Feb-23,8,212,2147,1,Delivered,UPI
February_Sales_2023,254676,2-Feb-23,30,212,2147,1,Delivered,UPI
February_Sales_2023,254703,3-Feb-23,28,212,2147,3,Delivered,UPI
February_Sales_2023,254742,4-Feb-23,23,212,2147,4,Delivered,UPI
February_Sales_2023,254803,5-Feb-23,21,212,2147,9,Delivered,UPI
February_Sales_2023,254805,5-Feb-23,3,212,2147,8,Delivered,UPI
February_Sales_2023,254815,5-Feb-23,11,212,2147,5,Delivered,UPI
February_Sales_2023,254829,7-Feb-23,15,212,2147,6,Delivered,UPI
February_Sales_2023,254839,7-Feb-23,26,212,2147,10,Delivered,UPI
February_Sales_2023,254855,7-Feb-23,12,212,2147,6,Delivered,UPI
February_Sales_2023,254862,8-Feb-23,21,212,2147,10,Delivered,UPI
February_Sales_2023,254892,9-Feb-23,15,212,2147,9,Delivered,UPI
February_Sales_2023,254901,9-Feb-23,18,212,2147,5,Delivered,UPI
February_Sales_2023,254907,9-Feb-23,6,212,2147,2,Delivered,UPI
February_Sales_2023,254924,10-Feb-23,12,212,2147,9,Delivered,UPI
February_Sales_2023,254931,11-Feb-23,2,212,2147,4,Delivered,UPI
February_Sales_2023,254933,11-Feb-23,13,212,2147,8,Delivered,UPI
February_Sales_2023,254942,11-Feb-23,21,212,2147,2,Delivered,UPI
February_Sales_2023,254947,11-Feb-23,7,212,2147,1,Delivered,UPI
February_Sales_2023,255011,13-Feb-23,27,212,2147,7,Delivered,UPI
February_Sales_2023,255026,15-Feb-23,19,212,2147,1,Delivered,UPI
February_Sales_2023,255027,15-Feb-23,21,212,2147,7,Delivered,UPI
February_Sales_2023,255037,15-Feb-23,3,212,2147,8,Delivered,UPI
February_Sales_2023,255061,15-Feb-23,15,212,2147,2,Delivered,UPI
February_Sales_2023,255086,16-Feb-23,23,212,2147,8,Delivered,UPI
February_Sales_2023,255099,16-Feb-23,28,212,2147,10,Delivered,UPI
February_Sales_2023,255100,16-Feb-23,30,212,2147,9,Delivered,UPI
February_Sales_2023,255112,17-Feb-23,2,212,2147,9,Delivered,UPI
February_Sales_2023,255125,17-Feb-23,8,212,2147,1,Delivered,UPI
February_Sales_2023,255164,18-Feb-23,29,212,2147,8,Delivered,UPI
February_Sales_2023,255186,19-Feb-23,15,212,2147,3,Delivered,UPI
February_Sales_2023,255219,20-Feb-23,8,212,2147,3,Delivered,UPI
February_Sales_2023,255241,21-Feb-23,14,212,2147,9,Delivered,UPI
February_Sales_2023,255262,23-Feb-23,8,212,2147,4,Delivered,UPI
February_Sales_2023,255298,24-Feb-23,15,212,2147,4,Delivered,UPI
February_Sales_2023,255317,25-Feb-23,24,212,2147,10,Delivered,UPI
February_Sales_2023,255335,25-Feb-23,23,212,2147,10,Delivered,UPI
February_Sales_2023,255349,26-Feb-23,9,212,2147,7,Delivered,UPI
February_Sales_2023,255362,26-Feb-23,5,212,2147,8,Delivered,UPI
February_Sales_2023,255378,26-Feb-23,28,212,2147,10,Delivered,UPI
February_Sales_2023,255387,27-Feb-23,11,212,2147,6,Delivered,UPI
February_Sales_2023,255392,27-Feb-23,7,212,2147,10,Delivered,UPI
February_Sales_2023,255401,27-Feb-23,10,212,2147,7,Delivered,UPI
February_Sales_2023,255413,28-Feb-23,6,212,2147,5,Delivered,UPI
January_Sales_2023,254010,2-Jan-23,29,212,2147,7,Delivered,UPI
January_Sales_2023,254028,2-Jan-23,30,212,2147,6,Delivered,UPI
January_Sales_2023,254035,3-Jan-23,16,212,2147,4,Delivered,UPI
January_Sales_2023,254062,4-Jan-23,30,212,2147,2,Delivered,UPI
January_Sales_2023,254063,4-Jan-23,3,212,2147,2,Delivered,UPI
January_Sales_2023,254069,4-Jan-23,3,212,2147,2,Delivered,UPI
January_Sales_2023,254108,8-Jan-23,5,212,2147,2,Delivered,UPI
January_Sales_2023,254123,8-Jan-23,18,212,2147,1,Delivered,UPI
January_Sales_2023,254127,8-Jan-23,18,212,2147,4,Delivered,UPI
January_Sales_2023,254192,14-Jan-23,9,212,2147,6,Delivered,UPI
January_Sales_2023,254220,14-Jan-23,15,212,2147,7,Delivered,UPI
January_Sales_2023,254227,15-Jan-23,27,212,2147,10,Delivered,UPI
January_Sales_2023,254256,15-Jan-23,15,212,2147,7,Delivered,UPI
January_Sales_2023,254299,16-Jan-23,10,212,2147,6,Delivered,UPI
January_Sales_2023,254318,17-Jan-23,1,212,2147,7,Delivered,UPI
January_Sales_2023,254328,17-Jan-23,20,212,2147,10,Delivered,UPI
January_Sales_2023,254346,18-Jan-23,3,212,2147,6,Delivered,UPI
January_Sales_2023,254348,18-Jan-23,23,212,2147,8,Delivered,UPI
January_Sales_2023,254355,18-Jan-23,1,212,2147,6,Delivered,UPI
January_Sales_2023,254363,18-Jan-23,8,212,2147,4,Delivered,UPI
January_Sales_2023,254364,18-Jan-23,17,212,2147,7,Delivered,UPI
January_Sales_2023,254395,20-Jan-23,5,212,2147,4,Delivered,UPI
January_Sales_2023,254403,22-Jan-23,29,212,2147,6,Delivered,UPI
January_Sales_2023,254413,22-Jan-23,20,212,2147,8,Delivered,UPI
January_Sales_2023,254430,22-Jan-23,17,212,2147,7,Delivered,UPI
January_Sales_2023,254460,25-Jan-23,20,212,2147,2,Delivered,UPI
January_Sales_2023,254469,25-Jan-23,9,212,2147,2,Delivered,UPI
January_Sales_2023,254488,26-Jan-23,10,212,2147,8,Delivered,UPI
January_Sales_2023,254560,30-Jan-23,22,212,2147,2,Delivered,UPI
January_Sales_2023,254562,30-Jan-23,7,212,2147,1,Delivered,UPI
January_Sales_2023,254563,30-Jan-23,2,212,2147,4,Delivered,UPI
March_Sales_2023,255442,2-Mar-23,30,212,2147,4,Delivered,UPI
March_Sales_2023,255465,2-Mar-23,16,212,2147,7,Delivered,UPI
March_Sales_2023,255468,2-Mar-23,27,212,2147,1,Delivered,UPI
March_Sales_2023,255472,3-Mar-23,18,212,2147,9,Delivered,UPI
March_Sales_2023,255483,4-Mar-23,9,212,2147,8,Delivered,UPI
March_Sales_2023,255490,4-Mar-23,28,212,2147,6,Delivered,UPI
March_Sales_2023,255507,4-Mar-23,27,212,2147,1,Delivered,UPI
March_Sales_2023,255526,5-Mar-23,18,212,2147,5,Delivered,UPI
March_Sales_2023,255528,5-Mar-23,22,212,2147,5,Delivered,UPI
March_Sales_2023,255532,5-Mar-23,28,212,2147,1,Delivered,UPI
March_Sales_2023,255554,6-Mar-23,27,212,2147,2,Delivered,UPI
March_Sales_2023,255568,7-Mar-23,5,212,2147,2,Delivered,UPI
March_Sales_2023,255611,9-Mar-23,17,212,2147,5,Delivered,UPI
March_Sales_2023,255621,9-Mar-23,13,212,2147,2,Delivered,UPI
March_Sales_2023,255635,11-Mar-23,13,212,2147,5,Delivered,UPI
March_Sales_2023,255643,11-Mar-23,5,212,2147,3,Delivered,UPI
March_Sales_2023,255644,12-Mar-23,20,212,2147,4,Delivered,UPI
March_Sales_2023,255666,13-Mar-23,3,212,2147,7,Delivered,UPI
March_Sales_2023,255687,13-Mar-23,14,212,2147,8,Delivered,UPI
March_Sales_2023,255689,14-Mar-23,17,212,2147,6,Delivered,UPI
March_Sales_2023,255690,14-Mar-23,12,212,2147,1,Delivered,UPI
March_Sales_2023,255724,15-Mar-23,12,212,2147,1,Delivered,UPI
March_Sales_2023,255740,15-Mar-23,14,212,2147,9,Delivered,UPI
March_Sales_2023,255759,15-Mar-23,9,212,2147,9,Delivered,UPI
March_Sales_2023,255793,17-Mar-23,1,212,2147,3,Delivered,UPI
March_Sales_2023,255794,17-Mar-23,22,212,2147,9,Delivered,UPI
March_Sales_2023,255833,18-Mar-23,15,212,2147,9,Delivered,UPI
March_Sales_2023,255841,19-Mar-23,9,212,2147,7,Delivered,UPI
March_Sales_2023,255863,19-Mar-23,27,212,2147,6,Delivered,UPI
March_Sales_2023,255872,21-Mar-23,27,212,2147,7,Delivered,UPI
March_Sales_2023,255881,21-Mar-23,18,212,2147,9,Delivered,UPI
March_Sales_2023,255919,22-Mar-23,7,212,2147,4,Delivered,UPI
March_Sales_2023,255921,22-Mar-23,12,212,2147,5,Delivered,UPI
March_Sales_2023,255924,22-Mar-23,9,212,2147,1,Delivered,UPI
March_Sales_2023,255954,23-Mar-23,15,212,2147,5,Delivered,UPI
March_Sales_2023,255955,23-Mar-23,8,212,2147,9,Delivered,UPI
March_Sales_2023,255962,23-Mar-23,12,212,2147,8,Delivered,UPI
March_Sales_2023,255963,23-Mar-23,13,212,2147,4,Delivered,UPI
March_Sales_2023,255974,23-Mar-23,8,212,2147,1,Delivered,UPI
March_Sales_2023,255985,24-Mar-23,19,212,2147,3,Delivered,UPI
March_Sales_2023,255989,24-Mar-23,9,212,2147,8,Delivered,UPI
March_Sales_2023,256019,25-Mar-23,3,212,2147,5,Delivered,UPI
March_Sales_2023,256026,26-Mar-23,22,212,2147,3,Delivered,UPI
March_Sales_2023,256027,26-Mar-23,11,212,2147,4,Delivered,UPI
March_Sales_2023,256041,27-Mar-23,29,212,2147,5,Delivered,UPI
March_Sales_2023,256046,27-Mar-23,29,212,2147,4,Delivered,UPI
March_Sales_2023,256055,27-Mar-23,28,212,2147,10,Delivered,UPI
March_Sales_2023,256081,28-Mar-23,5,212,2147,6,Delivered,UPI
March_Sales_2023,256088,28-Mar-23,15,212,2147,5,Delivered,UPI
March_Sales_2023,256091,28-Mar-23,20,212,2147,6,Delivered,UPI
March_Sales_2023,256109,29-Mar-23,28,212,2147,3,Delivered,UPI
March_Sales_2023,256143,30-Mar-23,24,212,2147,1,Delivered,UPI
March_Sales_2023,256148,30-Mar-23,7,212,2147,3,Delivered,UPI
March_Sales_2023,256158,30-Mar-23,16,212,2147,2,Delivered,UPI
March_Sales_2023,256160,30-Mar-23,2,212,2147,7,Delivered,UPI
March_Sales_2023,256173,31-Mar-23,20,212,2147,10,Delivered,UPI
April_Sales_2023,256224,3-Apr-23,3,211,2141,7,Delivered,UPI
April_Sales_2023,256225,3-Apr-23,24,211,2141,7,Delivered,UPI
April_Sales_2023,256258,4-Apr-23,19,211,2141,2,Delivered,UPI
April_Sales_2023,256262,5-Apr-23,26,211,2141,2,Delivered,UPI
April_Sales_2023,256297,8-Apr-23,22,211,2141,2,Delivered,UPI
April_Sales_2023,256325,8-Apr-23,3,211,2141,10,Delivered,UPI
April_Sales_2023,256338,9-Apr-23,24,211,2141,4,Delivered,UPI
April_Sales_2023,256347,11-Apr-23,8,211,2141,7,Delivered,UPI
April_Sales_2023,256368,14-Apr-23,7,211,2141,8,Delivered,UPI
April_Sales_2023,256441,15-Apr-23,16,211,2141,3,Delivered,UPI
April_Sales_2023,256445,16-Apr-23,23,211,2141,5,Delivered,UPI
April_Sales_2023,256454,16-Apr-23,27,211,2141,8,Delivered,UPI
April_Sales_2023,256456,16-Apr-23,23,211,2141,5,Delivered,UPI
April_Sales_2023,256488,16-Apr-23,23,211,2141,4,Delivered,UPI
April_Sales_2023,256523,18-Apr-23,7,211,2141,2,Delivered,UPI
April_Sales_2023,256543,18-Apr-23,19,211,2141,2,Delivered,UPI
April_Sales_2023,256654,25-Apr-23,19,211,2141,10,Delivered,UPI
April_Sales_2023,256655,25-Apr-23,11,211,2141,9,Delivered,UPI
April_Sales_2023,256693,27-Apr-23,2,211,2141,8,Delivered,UPI
April_Sales_2023,256753,30-Apr-23,21,211,2141,9,Delivered,UPI
February_Sales_2023,254690,2-Feb-23,2,211,2141,6,Delivered,UPI
February_Sales_2023,254699,3-Feb-23,24,211,2141,2,Delivered,UPI
February_Sales_2023,254702,3-Feb-23,17,211,2141,2,Delivered,UPI
February_Sales_2023,254824,6-Feb-23,2,211,2141,7,Delivered,UPI
February_Sales_2023,254921,10-Feb-23,10,211,2141,3,Delivered,UPI
February_Sales_2023,254948,11-Feb-23,22,211,2141,1,Delivered,UPI
February_Sales_2023,254980,12-Feb-23,29,211,2141,2,Delivered,UPI
February_Sales_2023,254991,12-Feb-23,12,211,2141,3,Delivered,UPI
February_Sales_2023,255000,13-Feb-23,6,211,2141,1,Delivered,UPI
February_Sales_2023,255015,14-Feb-23,6,211,2141,1,Delivered,UPI
February_Sales_2023,255057,15-Feb-23,21,211,2141,2,Delivered,UPI
February_Sales_2023,255062,15-Feb-23,13,211,2141,8,Delivered,UPI
February_Sales_2023,255227,20-Feb-23,20,211,2141,3,Delivered,UPI
February_Sales_2023,255234,21-Feb-23,23,211,2141,3,Delivered,UPI
February_Sales_2023,255322,25-Feb-23,30,211,2141,10,Delivered,UPI
February_Sales_2023,255367,26-Feb-23,11,211,2141,10,Delivered,UPI
February_Sales_2023,255380,26-Feb-23,8,211,2141,10,Delivered,UPI
February_Sales_2023,255394,27-Feb-23,26,211,2141,10,Delivered,UPI
February_Sales_2023,255400,27-Feb-23,18,211,2141,5,Delivered,UPI
February_Sales_2023,255418,28-Feb-23,8,211,2141,5,Delivered,UPI
January_Sales_2023,254041,3-Jan-23,3,211,2141,7,Delivered,UPI
January_Sales_2023,254042,3-Jan-23,24,211,2141,7,Delivered,UPI
January_Sales_2023,254075,4-Jan-23,19,211,2141,2,Delivered,UPI
January_Sales_2023,254079,5-Jan-23,26,211,2141,2,Delivered,UPI
January_Sales_2023,254114,8-Jan-23,22,211,2141,2,Delivered,UPI
January_Sales_2023,254142,8-Jan-23,3,211,2141,10,Delivered,UPI
January_Sales_2023,254155,9-Jan-23,24,211,2141,4,Delivered,UPI
January_Sales_2023,254164,11-Jan-23,8,211,2141,7,Delivered,UPI
January_Sales_2023,254185,14-Jan-23,7,211,2141,8,Delivered,UPI
January_Sales_2023,254258,15-Jan-23,16,211,2141,3,Delivered,UPI
January_Sales_2023,254262,16-Jan-23,23,211,2141,5,Delivered,UPI
January_Sales_2023,254271,16-Jan-23,27,211,2141,8,Delivered,UPI
January_Sales_2023,254273,16-Jan-23,23,211,2141,5,Delivered,UPI
January_Sales_2023,254305,16-Jan-23,23,211,2141,4,Delivered,UPI
January_Sales_2023,254340,18-Jan-23,7,211,2141,2,Delivered,UPI
January_Sales_2023,254360,18-Jan-23,19,211,2141,2,Delivered,UPI
January_Sales_2023,254471,25-Jan-23,19,211,2141,10,Delivered,UPI
January_Sales_2023,254472,25-Jan-23,11,211,2141,9,Delivered,UPI
January_Sales_2023,254510,27-Jan-23,2,211,2141,8,Delivered,UPI
January_Sales_2023,254570,30-Jan-23,21,211,2141,9,Delivered,UPI
March_Sales_2023,255419,1-Mar-23,10,211,2141,4,Delivered,UPI
March_Sales_2023,255423,1-Mar-23,28,211,2141,4,Delivered,UPI
March_Sales_2023,255575,7-Mar-23,27,211,2141,8,Delivered,UPI
March_Sales_2023,255622,9-Mar-23,14,211,2141,7,Delivered,UPI
March_Sales_2023,255641,11-Mar-23,2,211,2141,2,Delivered,UPI
March_Sales_2023,255655,12-Mar-23,22,211,2141,6,Delivered,UPI
March_Sales_2023,255697,14-Mar-23,7,211,2141,4,Delivered,UPI
March_Sales_2023,255701,14-Mar-23,24,211,2141,5,Delivered,UPI
March_Sales_2023,255707,14-Mar-23,12,211,2141,6,Delivered,UPI
March_Sales_2023,255746,15-Mar-23,16,211,2141,3,Delivered,UPI
March_Sales_2023,255853,19-Mar-23,21,211,2141,5,Delivered,UPI
March_Sales_2023,255943,22-Mar-23,15,211,2141,7,Delivered,UPI
March_Sales_2023,256161,30-Mar-23,5,211,2141,4,Delivered,UPI
April_Sales_2023,256240,4-Apr-23,21,211,2144,8,Delivered,UPI
April_Sales_2023,256266,5-Apr-23,10,211,2143,2,Delivered,UPI
April_Sales_2023,256302,8-Apr-23,10,211,2144,4,Delivered,UPI
April_Sales_2023,256356,13-Apr-23,12,211,2144,9,Delivered,UPI
April_Sales_2023,256380,14-Apr-23,7,211,2143,4,Delivered,UPI
April_Sales_2023,256417,15-Apr-23,19,211,2143,8,Delivered,UPI
April_Sales_2023,256460,16-Apr-23,12,211,2143,9,Delivered,UPI
April_Sales_2023,256486,16-Apr-23,24,211,2144,6,Delivered,UPI
April_Sales_2023,256492,17-Apr-23,6,211,2143,10,Delivered,UPI
April_Sales_2023,256541,18-Apr-23,10,211,2143,8,Delivered,UPI
April_Sales_2023,256558,19-Apr-23,10,211,2144,4,Delivered,UPI
April_Sales_2023,256560,19-Apr-23,21,211,2143,1,Delivered,UPI
April_Sales_2023,256576,20-Apr-23,6,211,2143,3,Delivered,UPI
April_Sales_2023,256577,20-Apr-23,5,211,2144,4,Delivered,UPI
April_Sales_2023,256651,25-Apr-23,27,211,2144,7,Delivered,UPI
April_Sales_2023,256706,29-Apr-23,10,211,2144,9,Delivered,UPI
February_Sales_2023,254664,2-Feb-23,27,211,2143,7,Delivered,UPI
February_Sales_2023,254671,2-Feb-23,21,211,2144,3,Delivered,UPI
February_Sales_2023,254709,3-Feb-23,20,211,2143,4,Delivered,UPI
February_Sales_2023,254718,3-Feb-23,22,211,2143,7,Delivered,UPI
February_Sales_2023,254734,3-Feb-23,14,211,2143,6,Delivered,UPI
February_Sales_2023,254833,7-Feb-23,8,211,2143,5,Delivered,UPI
February_Sales_2023,254836,7-Feb-23,12,211,2143,7,Delivered,UPI
February_Sales_2023,254926,11-Feb-23,16,211,2143,1,Delivered,UPI
February_Sales_2023,254927,11-Feb-23,26,211,2143,9,Delivered,UPI
February_Sales_2023,254937,11-Feb-23,29,211,2144,10,Delivered,UPI
February_Sales_2023,254940,11-Feb-23,21,211,2144,5,Delivered,UPI
February_Sales_2023,254951,11-Feb-23,19,211,2143,1,Delivered,UPI
February_Sales_2023,254963,11-Feb-23,6,211,2144,6,Delivered,UPI
February_Sales_2023,255074,16-Feb-23,22,211,2143,10,Delivered,UPI
February_Sales_2023,255094,16-Feb-23,3,211,2143,8,Delivered,UPI
February_Sales_2023,255119,17-Feb-23,21,211,2144,5,Delivered,UPI
February_Sales_2023,255121,17-Feb-23,11,211,2143,1,Delivered,UPI
February_Sales_2023,255131,18-Feb-23,18,211,2143,2,Delivered,UPI
February_Sales_2023,255169,19-Feb-23,21,211,2144,8,Delivered,UPI
February_Sales_2023,255181,19-Feb-23,5,211,2144,2,Delivered,UPI
February_Sales_2023,255191,19-Feb-23,11,211,2144,9,Delivered,UPI
February_Sales_2023,255279,24-Feb-23,5,211,2143,7,Delivered,UPI
February_Sales_2023,255284,24-Feb-23,27,211,2144,4,Delivered,UPI
February_Sales_2023,255306,24-Feb-23,2,211,2143,6,Delivered,UPI
January_Sales_2023,254057,4-Jan-23,21,211,2144,8,Delivered,UPI
January_Sales_2023,254083,5-Jan-23,10,211,2143,2,Delivered,UPI
January_Sales_2023,254119,8-Jan-23,10,211,2144,4,Delivered,UPI
January_Sales_2023,254173,13-Jan-23,12,211,2144,9,Delivered,UPI
January_Sales_2023,254197,14-Jan-23,7,211,2143,4,Delivered,UPI
January_Sales_2023,254234,15-Jan-23,19,211,2143,8,Delivered,UPI
January_Sales_2023,254277,16-Jan-23,12,211,2143,9,Delivered,UPI
January_Sales_2023,254303,16-Jan-23,24,211,2144,6,Delivered,UPI
January_Sales_2023,254309,17-Jan-23,6,211,2143,10,Delivered,UPI
January_Sales_2023,254358,18-Jan-23,10,211,2143,8,Delivered,UPI
January_Sales_2023,254375,19-Jan-23,10,211,2144,4,Delivered,UPI
January_Sales_2023,254377,19-Jan-23,21,211,2143,1,Delivered,UPI
January_Sales_2023,254393,20-Jan-23,6,211,2143,3,Delivered,UPI
January_Sales_2023,254394,20-Jan-23,5,211,2144,4,Delivered,UPI
January_Sales_2023,254468,25-Jan-23,27,211,2144,7,Delivered,UPI
January_Sales_2023,254523,29-Jan-23,10,211,2144,9,Delivered,UPI
January_Sales_2023,254626,31-Jan-23,28,211,2144,7,Delivered,UPI
March_Sales_2023,255463,2-Mar-23,28,211,2144,4,Delivered,UPI
March_Sales_2023,255484,4-Mar-23,11,211,2143,8,Delivered,UPI
March_Sales_2023,255519,5-Mar-23,24,211,2144,4,Delivered,UPI
March_Sales_2023,255610,9-Mar-23,1,211,2143,2,Delivered,UPI
March_Sales_2023,255681,13-Mar-23,7,211,2143,10,Delivered,UPI
March_Sales_2023,255684,13-Mar-23,12,211,2144,2,Delivered,UPI
March_Sales_2023,255742,15-Mar-23,24,211,2143,1,Delivered,UPI
March_Sales_2023,255763,16-Mar-23,3,211,2143,5,Delivered,UPI
March_Sales_2023,255772,16-Mar-23,6,211,2144,5,Delivered,UPI
March_Sales_2023,255969,23-Mar-23,2,211,2144,10,Delivered,UPI
March_Sales_2023,256032,26-Mar-23,27,211,2143,8,Delivered,UPI
March_Sales_2023,256062,28-Mar-23,2,211,2143,9,Delivered,UPI
March_Sales_2023,256065,28-Mar-23,20,211,2143,8,Delivered,UPI
April_Sales_2023,256201,2-Apr-23,28,211,2142,9,Delivered,UPI
April_Sales_2023,256205,2-Apr-23,12,211,2142,9,Delivered,UPI
April_Sales_2023,256206,2-Apr-23,18,211,2142,7,Delivered,UPI
April_Sales_2023,256207,2-Apr-23,30,211,2142,6,Delivered,UPI
April_Sales_2023,256219,3-Apr-23,15,211,2142,6,Delivered,UPI
April_Sales_2023,256233,4-Apr-23,6,211,2142,4,Delivered,UPI
April_Sales_2023,256235,4-Apr-23,7,211,2142,5,Delivered,UPI
April_Sales_2023,256250,4-Apr-23,16,211,2142,6,Delivered,UPI
April_Sales_2023,256260,4-Apr-23,17,211,2142,1,Delivered,UPI
April_Sales_2023,256327,8-Apr-23,9,211,2142,8,Delivered,UPI
April_Sales_2023,256363,14-Apr-23,12,211,2142,1,Delivered,UPI
April_Sales_2023,256404,14-Apr-23,7,211,2142,1,Delivered,UPI
April_Sales_2023,256421,15-Apr-23,26,211,2142,9,Delivered,UPI
April_Sales_2023,256429,15-Apr-23,6,211,2142,6,Delivered,UPI
April_Sales_2023,256442,15-Apr-23,1,211,2142,10,Delivered,UPI
April_Sales_2023,256462,16-Apr-23,17,211,2142,2,Delivered,UPI
April_Sales_2023,256505,17-Apr-23,15,211,2142,1,Delivered,UPI
April_Sales_2023,256510,17-Apr-23,13,211,2142,5,Delivered,UPI
April_Sales_2023,256533,18-Apr-23,3,211,2142,3,Delivered,UPI
April_Sales_2023,256579,21-Apr-23,14,211,2142,1,Delivered,UPI
April_Sales_2023,256626,23-Apr-23,22,211,2142,5,Delivered,UPI
April_Sales_2023,256630,24-Apr-23,27,211,2142,6,Delivered,UPI
April_Sales_2023,256632,24-Apr-23,5,211,2142,3,Delivered,UPI
April_Sales_2023,256665,26-Apr-23,28,211,2142,10,Delivered,UPI
April_Sales_2023,256674,26-Apr-23,18,211,2142,8,Delivered,UPI
April_Sales_2023,256678,27-Apr-23,24,211,2142,10,Delivered,UPI
April_Sales_2023,256683,27-Apr-23,9,211,2142,3,Delivered,UPI
April_Sales_2023,256708,29-Apr-23,18,211,2142,1,Delivered,UPI
April_Sales_2023,256710,29-Apr-23,3,211,2142,3,Delivered,UPI
April_Sales_2023,256716,30-Apr-23,14,211,2142,8,Delivered,UPI
April_Sales_2023,256738,30-Apr-23,3,211,2142,10,Delivered,UPI
February_Sales_2023,254663,2-Feb-23,7,211,2142,3,Delivered,UPI
February_Sales_2023,254724,3-Feb-23,27,211,2142,3,Delivered,UPI
February_Sales_2023,254726,3-Feb-23,6,211,2142,3,Delivered,UPI
February_Sales_2023,254727,3-Feb-23,22,211,2142,9,Delivered,UPI
February_Sales_2023,254732,3-Feb-23,15,211,2142,6,Delivered,UPI
February_Sales_2023,254740,4-Feb-23,27,211,2142,10,Delivered,UPI
February_Sales_2023,254764,4-Feb-23,2,211,2142,1,Delivered,UPI
February_Sales_2023,254772,4-Feb-23,11,211,2142,1,Delivered,UPI
February_Sales_2023,254797,5-Feb-23,28,211,2142,6,Delivered,UPI
February_Sales_2023,254827,7-Feb-23,27,211,2142,9,Delivered,UPI
February_Sales_2023,254871,8-Feb-23,11,211,2142,5,Delivered,UPI
February_Sales_2023,254895,9-Feb-23,9,211,2142,3,Delivered,UPI
February_Sales_2023,254908,9-Feb-23,15,211,2142,7,Delivered,UPI
February_Sales_2023,254945,11-Feb-23,22,211,2142,6,Delivered,UPI
February_Sales_2023,254953,11-Feb-23,28,211,2142,9,Delivered,UPI
February_Sales_2023,254955,11-Feb-23,21,211,2142,6,Delivered,UPI
February_Sales_2023,254972,12-Feb-23,28,211,2142,3,Delivered,UPI
February_Sales_2023,254975,12-Feb-23,12,211,2142,5,Delivered,UPI
February_Sales_2023,254983,12-Feb-23,21,211,2142,8,Delivered,UPI
February_Sales_2023,254985,12-Feb-23,27,211,2142,9,Delivered,UPI
February_Sales_2023,254986,12-Feb-23,15,211,2142,2,Delivered,UPI
February_Sales_2023,255042,15-Feb-23,20,211,2142,8,Delivered,UPI
February_Sales_2023,255083,16-Feb-23,5,211,2142,4,Delivered,UPI
February_Sales_2023,255097,16-Feb-23,5,211,2142,8,Delivered,UPI
February_Sales_2023,255110,16-Feb-23,1,211,2142,1,Delivered,UPI
February_Sales_2023,255143,18-Feb-23,5,211,2142,2,Delivered,UPI
February_Sales_2023,255165,18-Feb-23,18,211,2142,1,Delivered,UPI
February_Sales_2023,255211,19-Feb-23,7,211,2142,10,Delivered,UPI
February_Sales_2023,255223,20-Feb-23,18,211,2142,1,Delivered,UPI
February_Sales_2023,255258,23-Feb-23,30,211,2142,10,Delivered,UPI
February_Sales_2023,255283,24-Feb-23,3,211,2142,2,Delivered,UPI
February_Sales_2023,255292,24-Feb-23,13,211,2142,10,Delivered,UPI
February_Sales_2023,255308,25-Feb-23,30,211,2142,1,Delivered,UPI
February_Sales_2023,255312,25-Feb-23,17,211,2142,4,Delivered,UPI
February_Sales_2023,255318,25-Feb-23,12,211,2142,10,Delivered,UPI
February_Sales_2023,255342,26-Feb-23,24,211,2142,10,Delivered,UPI
February_Sales_2023,255343,26-Feb-23,20,211,2142,8,Delivered,UPI
February_Sales_2023,255356,26-Feb-23,1,211,2142,9,Delivered,UPI
February_Sales_2023,255371,26-Feb-23,1,211,2142,6,Delivered,UPI
February_Sales_2023,255384,27-Feb-23,11,211,2142,3,Delivered,UPI
February_Sales_2023,255399,27-Feb-23,3,211,2142,1,Delivered,UPI
February_Sales_2023,255410,28-Feb-23,6,211,2142,5,Delivered,UPI
February_Sales_2023,255417,28-Feb-23,10,211,2142,9,Delivered,UPI
January_Sales_2023,254018,2-Jan-23,28,211,2142,9,Delivered,UPI
January_Sales_2023,254022,2-Jan-23,12,211,2142,9,Delivered,UPI
January_Sales_2023,254023,2-Jan-23,18,211,2142,7,Delivered,UPI
January_Sales_2023,254024,2-Jan-23,30,211,2142,6,Delivered,UPI
January_Sales_2023,254036,3-Jan-23,15,211,2142,6,Delivered,UPI
January_Sales_2023,254050,4-Jan-23,6,211,2142,4,Delivered,UPI
January_Sales_2023,254052,4-Jan-23,7,211,2142,5,Delivered,UPI
January_Sales_2023,254067,4-Jan-23,16,211,2142,6,Delivered,UPI
January_Sales_2023,254077,4-Jan-23,17,211,2142,1,Delivered,UPI
January_Sales_2023,254144,8-Jan-23,9,211,2142,8,Delivered,UPI
January_Sales_2023,254180,14-Jan-23,12,211,2142,1,Delivered,UPI
January_Sales_2023,254221,14-Jan-23,7,211,2142,1,Delivered,UPI
January_Sales_2023,254238,15-Jan-23,26,211,2142,9,Delivered,UPI
January_Sales_2023,254246,15-Jan-23,6,211,2142,6,Delivered,UPI
January_Sales_2023,254259,15-Jan-23,1,211,2142,10,Delivered,UPI
January_Sales_2023,254279,16-Jan-23,17,211,2142,2,Delivered,UPI
January_Sales_2023,254322,17-Jan-23,15,211,2142,1,Delivered,UPI
January_Sales_2023,254327,17-Jan-23,13,211,2142,5,Delivered,UPI
January_Sales_2023,254350,18-Jan-23,3,211,2142,3,Delivered,UPI
January_Sales_2023,254396,21-Jan-23,14,211,2142,1,Delivered,UPI
January_Sales_2023,254443,23-Jan-23,22,211,2142,5,Delivered,UPI
January_Sales_2023,254447,24-Jan-23,27,211,2142,6,Delivered,UPI
January_Sales_2023,254449,24-Jan-23,5,211,2142,3,Delivered,UPI
January_Sales_2023,254482,26-Jan-23,28,211,2142,10,Delivered,UPI
January_Sales_2023,254491,26-Jan-23,18,211,2142,8,Delivered,UPI
January_Sales_2023,254495,27-Jan-23,24,211,2142,10,Delivered,UPI
January_Sales_2023,254500,27-Jan-23,9,211,2142,3,Delivered,UPI
January_Sales_2023,254525,29-Jan-23,18,211,2142,1,Delivered,UPI
January_Sales_2023,254527,29-Jan-23,3,211,2142,3,Delivered,UPI
January_Sales_2023,254533,30-Jan-23,14,211,2142,8,Delivered,UPI
January_Sales_2023,254555,30-Jan-23,3,211,2142,10,Delivered,UPI
January_Sales_2023,254582,31-Jan-23,18,211,2142,8,Delivered,UPI
January_Sales_2023,254586,31-Jan-23,11,211,2142,7,Delivered,UPI
January_Sales_2023,254615,31-Jan-23,5,211,2142,3,Delivered,UPI
January_Sales_2023,254619,31-Jan-23,23,211,2142,3,Delivered,UPI
March_Sales_2023,255424,1-Mar-23,7,211,2142,5,Delivered,UPI
March_Sales_2023,255433,2-Mar-23,2,211,2142,4,Delivered,UPI
March_Sales_2023,255446,2-Mar-23,16,211,2142,7,Delivered,UPI
March_Sales_2023,255448,2-Mar-23,5,211,2142,8,Delivered,UPI
March_Sales_2023,255491,4-Mar-23,30,211,2142,2,Delivered,UPI
March_Sales_2023,255500,4-Mar-23,14,211,2142,10,Delivered,UPI
March_Sales_2023,255516,5-Mar-23,13,211,2142,1,Delivered,UPI
March_Sales_2023,255549,6-Mar-23,13,211,2142,1,Delivered,UPI
March_Sales_2023,255558,6-Mar-23,18,211,2142,8,Delivered,UPI
March_Sales_2023,255616,9-Mar-23,17,211,2142,1,Delivered,UPI
March_Sales_2023,255617,9-Mar-23,30,211,2142,1,Delivered,UPI
March_Sales_2023,255624,10-Mar-23,3,211,2142,1,Delivered,UPI
March_Sales_2023,255628,10-Mar-23,16,211,2142,2,Delivered,UPI
March_Sales_2023,255633,11-Mar-23,30,211,2142,10,Delivered,UPI
March_Sales_2023,255637,11-Mar-23,13,211,2142,7,Delivered,UPI
March_Sales_2023,255662,13-Mar-23,6,211,2142,9,Delivered,UPI
March_Sales_2023,255688,13-Mar-23,13,211,2142,3,Delivered,UPI
March_Sales_2023,255694,14-Mar-23,24,211,2142,2,Delivered,UPI
March_Sales_2023,255698,14-Mar-23,26,211,2142,5,Delivered,UPI
March_Sales_2023,255715,14-Mar-23,29,211,2142,10,Delivered,UPI
March_Sales_2023,255722,15-Mar-23,18,211,2142,5,Delivered,UPI
March_Sales_2023,255736,15-Mar-23,13,211,2142,4,Delivered,UPI
March_Sales_2023,255737,15-Mar-23,23,211,2142,5,Delivered,UPI
March_Sales_2023,255739,15-Mar-23,13,211,2142,7,Delivered,UPI
March_Sales_2023,255796,17-Mar-23,13,211,2142,2,Delivered,UPI
March_Sales_2023,255814,17-Mar-23,20,211,2142,3,Delivered,UPI
March_Sales_2023,255823,17-Mar-23,5,211,2142,9,Delivered,UPI
March_Sales_2023,255847,19-Mar-23,15,211,2142,9,Delivered,UPI
March_Sales_2023,255873,21-Mar-23,19,211,2142,3,Delivered,UPI
March_Sales_2023,255874,21-Mar-23,19,211,2142,1,Delivered,UPI
March_Sales_2023,255894,21-Mar-23,30,211,2142,1,Delivered,UPI
March_Sales_2023,255909,21-Mar-23,24,211,2142,5,Delivered,UPI
March_Sales_2023,255939,22-Mar-23,14,211,2142,4,Delivered,UPI
March_Sales_2023,255944,22-Mar-23,7,211,2142,5,Delivered,UPI
March_Sales_2023,255953,23-Mar-23,15,211,2142,10,Delivered,UPI
March_Sales_2023,255967,23-Mar-23,11,211,2142,9,Delivered,UPI
March_Sales_2023,255973,23-Mar-23,14,211,2142,3,Delivered,UPI
March_Sales_2023,255981,23-Mar-23,27,211,2142,4,Delivered,UPI
March_Sales_2023,256022,25-Mar-23,9,211,2142,7,Delivered,UPI
March_Sales_2023,256048,27-Mar-23,27,211,2142,5,Delivered,UPI
March_Sales_2023,256077,28-Mar-23,28,211,2142,10,Delivered,UPI
March_Sales_2023,256102,29-Mar-23,13,211,2142,3,Delivered,UPI
March_Sales_2023,256141,30-Mar-23,12,211,2142,1,Delivered,UPI
March_Sales_2023,256155,30-Mar-23,27,211,2142,1,Delivered,UPI
March_Sales_2023,256176,31-Mar-23,15,211,2142,7,Delivered,UPI
March_Sales_2023,256179,31-Mar-23,11,211,2142,9,Delivered,UPI
April_Sales_2023,256188,1-Apr-23,30,211,2141,4,Cancelled,UPI
April_Sales_2023,256241,4-Apr-23,6,213,2150,5,Cancelled,UPI
April_Sales_2023,256251,4-Apr-23,25,213,2150,7,Cancelled,UPI
April_Sales_2023,256265,5-Apr-23,25,211,2142,1,Cancelled,UPI
April_Sales_2023,256301,8-Apr-23,28,213,2149,10,Cancelled,UPI
April_Sales_2023,256315,8-Apr-23,6,213,2148,9,Cancelled,UPI
April_Sales_2023,256373,14-Apr-23,5,213,2150,9,Cancelled,UPI
April_Sales_2023,256411,15-Apr-23,22,217,2164,1,Cancelled,UPI
April_Sales_2023,256453,16-Apr-23,29,213,2148,5,Cancelled,UPI
April_Sales_2023,256476,16-Apr-23,25,214,2155,9,Cancelled,UPI
April_Sales_2023,256512,18-Apr-23,30,211,2142,10,Cancelled,UPI
April_Sales_2023,256581,21-Apr-23,22,212,2147,6,Cancelled,UPI
April_Sales_2023,256583,22-Apr-23,12,213,2150,2,Cancelled,UPI
April_Sales_2023,256597,22-Apr-23,21,211,2144,8,Cancelled,UPI
April_Sales_2023,256605,22-Apr-23,16,213,2149,1,Cancelled,UPI
April_Sales_2023,256694,27-Apr-23,17,212,2147,2,Cancelled,UPI
April_Sales_2023,256718,30-Apr-23,26,211,2141,9,Cancelled,UPI
April_Sales_2023,256732,30-Apr-23,29,212,2147,6,Cancelled,UPI
April_Sales_2023,256757,30-Apr-23,4,212,2147,6,Cancelled,UPI
April_Sales_2023,256758,30-Apr-23,4,216,2161,1,Cancelled,UPI
February_Sales_2023,254635,1-Feb-23,20,213,2149,1,Cancelled,UPI
February_Sales_2023,254646,1-Feb-23,26,214,2155,9,Cancelled,UPI
February_Sales_2023,254653,2-Feb-23,10,216,2163,4,Cancelled,UPI
February_Sales_2023,254654,2-Feb-23,29,212,2147,9,Cancelled,UPI
February_Sales_2023,254668,2-Feb-23,2,211,2141,5,Cancelled,UPI
February_Sales_2023,254701,3-Feb-23,15,211,2141,2,Cancelled,UPI
February_Sales_2023,254711,3-Feb-23,2,211,2142,10,Cancelled,UPI
February_Sales_2023,254712,3-Feb-23,28,214,2151,9,Cancelled,UPI
February_Sales_2023,254730,3-Feb-23,4,214,2155,2,Cancelled,UPI
February_Sales_2023,254743,4-Feb-23,25,212,2147,10,Cancelled,UPI
February_Sales_2023,254759,4-Feb-23,29,211,2141,2,Cancelled,UPI
February_Sales_2023,254765,4-Feb-23,4,213,2149,1,Cancelled,UPI
February_Sales_2023,254792,5-Feb-23,25,212,2147,5,Cancelled,UPI
February_Sales_2023,254793,5-Feb-23,25,213,2149,7,Cancelled,UPI
February_Sales_2023,254814,5-Feb-23,22,212,2145,6,Cancelled,UPI
February_Sales_2023,254830,7-Feb-23,16,212,2145,10,Cancelled,UPI
February_Sales_2023,254846,7-Feb-23,1,211,2142,5,Cancelled,UPI
February_Sales_2023,254847,7-Feb-23,20,211,2142,2,Cancelled,UPI
February_Sales_2023,254853,7-Feb-23,27,212,2146,10,Cancelled,UPI
February_Sales_2023,254864,8-Feb-23,4,211,2143,4,Cancelled,UPI
February_Sales_2023,254874,8-Feb-23,11,213,2148,5,Cancelled,UPI
February_Sales_2023,254897,9-Feb-23,4,213,2148,6,Cancelled,UPI
February_Sales_2023,254966,12-Feb-23,5,217,2165,10,Cancelled,UPI
February_Sales_2023,255044,15-Feb-23,1,211,2141,2,Cancelled,UPI
February_Sales_2023,255078,16-Feb-23,4,211,2142,2,Cancelled,UPI
February_Sales_2023,255149,18-Feb-23,15,211,2142,10,Cancelled,UPI
February_Sales_2023,255151,18-Feb-23,28,211,2141,5,Cancelled,UPI
February_Sales_2023,255172,19-Feb-23,19,212,2147,4,Cancelled,UPI
February_Sales_2023,255253,21-Feb-23,27,216,2160,7,Cancelled,UPI
February_Sales_2023,255259,23-Feb-23,25,216,2161,8,Cancelled,UPI
January_Sales_2023,254005,1-Jan-23,30,211,2141,4,Cancelled,UPI
January_Sales_2023,254058,4-Jan-23,6,213,2150,5,Cancelled,UPI
January_Sales_2023,254068,4-Jan-23,25,213,2150,7,Cancelled,UPI
January_Sales_2023,254082,5-Jan-23,25,211,2142,1,Cancelled,UPI
January_Sales_2023,254118,8-Jan-23,28,213,2149,10,Cancelled,UPI
January_Sales_2023,254132,8-Jan-23,6,213,2148,9,Cancelled,UPI
January_Sales_2023,254190,14-Jan-23,5,213,2150,9,Cancelled,UPI
January_Sales_2023,254228,15-Jan-23,22,217,2164,1,Cancelled,UPI
January_Sales_2023,254270,16-Jan-23,29,213,2148,5,Cancelled,UPI
January_Sales_2023,254293,16-Jan-23,25,214,2155,9,Cancelled,UPI
January_Sales_2023,254329,18-Jan-23,30,211,2142,10,Cancelled,UPI
January_Sales_2023,254398,21-Jan-23,22,212,2147,6,Cancelled,UPI
January_Sales_2023,254400,22-Jan-23,12,213,2150,2,Cancelled,UPI
January_Sales_2023,254414,22-Jan-23,21,211,2144,8,Cancelled,UPI
January_Sales_2023,254422,22-Jan-23,16,213,2149,1,Cancelled,UPI
January_Sales_2023,254511,27-Jan-23,17,212,2147,2,Cancelled,UPI
January_Sales_2023,254535,30-Jan-23,26,211,2141,9,Cancelled,UPI
January_Sales_2023,254549,30-Jan-23,29,212,2147,6,Cancelled,UPI
January_Sales_2023,254574,30-Jan-23,4,212,2147,6,Cancelled,UPI
January_Sales_2023,254575,30-Jan-23,4,216,2161,1,Cancelled,UPI
March_Sales_2023,255559,6-Mar-23,8,211,2142,9,Cancelled,UPI
March_Sales_2023,255560,6-Mar-23,28,211,2143,1,Cancelled,UPI
March_Sales_2023,255571,7-Mar-23,6,213,2148,5,Cancelled,UPI
March_Sales_2023,255584,7-Mar-23,20,212,2147,1,Cancelled,UPI
March_Sales_2023,255592,8-Mar-23,17,212,2147,2,Cancelled,UPI
March_Sales_2023,255619,9-Mar-23,14,213,2148,6,Cancelled,UPI
March_Sales_2023,255671,13-Mar-23,12,217,2165,1,Cancelled,UPI
March_Sales_2023,255672,13-Mar-23,28,211,2142,6,Cancelled,UPI
March_Sales_2023,255808,17-Mar-23,25,214,2154,6,Cancelled,UPI
March_Sales_2023,255819,17-Mar-23,25,212,2147,1,Cancelled,UPI
March_Sales_2023,255824,18-Mar-23,25,212,2147,7,Cancelled,UPI
March_Sales_2023,255837,19-Mar-23,12,211,2142,3,Cancelled,UPI
March_Sales_2023,255850,19-Mar-23,8,213,2148,4,Cancelled,UPI
March_Sales_2023,255885,21-Mar-23,4,216,2160,1,Cancelled,UPI
March_Sales_2023,255886,21-Mar-23,17,212,2145,10,Cancelled,UPI
March_Sales_2023,255899,21-Mar-23,4,211,2142,10,Cancelled,UPI
March_Sales_2023,256036,27-Mar-23,26,213,2150,7,Cancelled,UPI
March_Sales_2023,256083,28-Mar-23,16,212,2147,7,Cancelled,UPI
March_Sales_2023,256093,28-Mar-23,25,212,2147,3,Cancelled,UPI
March_Sales_2023,256119,29-Mar-23,30,217,2167,4,Cancelled,UPI
March_Sales_2023,256124,30-Mar-23,25,214,2151,2,Cancelled,UPI
March_Sales_2023,256139,30-Mar-23,11,212,2145,9,Cancelled,UPI
April_Sales_2023,256208,2-Apr-23,6,211,2142,7,Cancelled,COD
April_Sales_2023,256337,9-Apr-23,4,214,2154,7,Cancelled,COD
April_Sales_2023,256376,14-Apr-23,19,212,2147,10,Cancelled,COD
April_Sales_2023,256463,16-Apr-23,25,211,2144,7,Cancelled,COD
April_Sales_2023,256468,16-Apr-23,17,217,2164,10,Cancelled,COD
April_Sales_2023,256506,17-Apr-23,2,211,2141,6,Cancelled,COD
April_Sales_2023,256580,21-Apr-23,25,213,2148,2,Cancelled,COD
April_Sales_2023,256620,23-Apr-23,14,211,2141,6,Cancelled,COD
April_Sales_2023,256646,25-Apr-23,19,216,2160,9,Cancelled,COD
April_Sales_2023,256717,30-Apr-23,27,212,2147,3,Cancelled,COD
February_Sales_2023,254634,1-Feb-23,7,216,2160,1,Cancelled,COD
February_Sales_2023,254666,2-Feb-23,4,212,2145,1,Cancelled,COD
February_Sales_2023,254669,2-Feb-23,30,213,2149,3,Cancelled,COD
February_Sales_2023,254700,3-Feb-23,4,212,2145,8,Cancelled,COD
February_Sales_2023,254728,3-Feb-23,22,211,2141,8,Cancelled,COD
February_Sales_2023,254865,8-Feb-23,1,213,2148,2,Cancelled,COD
February_Sales_2023,254869,8-Feb-23,21,213,2148,6,Cancelled,COD
February_Sales_2023,255040,15-Feb-23,1,212,2147,3,Cancelled,COD
February_Sales_2023,255145,18-Feb-23,26,213,2149,2,Cancelled,COD
February_Sales_2023,255163,18-Feb-23,25,214,2155,3,Cancelled,COD
February_Sales_2023,255179,19-Feb-23,9,211,2141,7,Cancelled,COD
February_Sales_2023,255376,26-Feb-23,4,216,2163,7,Cancelled,COD
February_Sales_2023,255381,26-Feb-23,4,211,2143,1,Cancelled,COD
February_Sales_2023,255382,27-Feb-23,4,212,2146,9,Cancelled,COD
February_Sales_2023,255398,27-Feb-23,16,217,2165,3,Cancelled,COD
January_Sales_2023,254025,2-Jan-23,6,211,2142,7,Cancelled,COD
January_Sales_2023,254154,9-Jan-23,4,214,2154,7,Cancelled,COD
January_Sales_2023,254193,14-Jan-23,19,212,2147,10,Cancelled,COD
January_Sales_2023,254280,16-Jan-23,25,211,2144,7,Cancelled,COD
January_Sales_2023,254285,16-Jan-23,17,217,2164,10,Cancelled,COD
January_Sales_2023,254323,17-Jan-23,2,211,2141,6,Cancelled,COD
January_Sales_2023,254397,21-Jan-23,25,213,2148,2,Cancelled,COD
January_Sales_2023,254437,23-Jan-23,14,211,2141,6,Cancelled,COD
January_Sales_2023,254463,25-Jan-23,19,216,2160,9,Cancelled,COD
January_Sales_2023,254534,30-Jan-23,27,212,2147,3,Cancelled,COD
January_Sales_2023,254610,31-Jan-23,28,213,2148,3,Cancelled,COD
March_Sales_2023,255481,4-Mar-23,29,214,2155,8,Cancelled,COD
March_Sales_2023,255503,4-Mar-23,25,211,2142,4,Cancelled,COD
March_Sales_2023,255607,9-Mar-23,9,211,2141,6,Cancelled,COD
March_Sales_2023,255627,10-Mar-23,2,212,2147,4,Cancelled,COD
March_Sales_2023,255703,14-Mar-23,2,214,2151,5,Cancelled,COD
March_Sales_2023,255979,23-Mar-23,29,211,2141,10,Cancelled,COD
March_Sales_2023,256034,26-Mar-23,27,214,2155,4,Cancelled,COD
March_Sales_2023,256054,27-Mar-23,1,212,2146,2,Cancelled,COD
March_Sales_2023,256166,30-Mar-23,4,211,2142,9,Cancelled,COD
April_Sales_2023,256228,4-Apr-23,4,216,2161,3,Delivered,COD
April_Sales_2023,256257,4-Apr-23,8,216,2160,5,Delivered,COD
April_Sales_2023,256259,4-Apr-23,22,216,2160,1,Delivered,COD
April_Sales_2023,256335,9-Apr-23,25,216,2163,2,Delivered,COD
April_Sales_2023,256348,12-Apr-23,19,216,2162,3,Delivered,COD
April_Sales_2023,256427,15-Apr-23,4,216,2163,5,Delivered,COD
April_Sales_2023,256452,16-Apr-23,11,216,2161,8,Delivered,COD
April_Sales_2023,256603,22-Apr-23,28,216,2160,7,Delivered,COD
April_Sales_2023,256684,27-Apr-23,23,216,2160,4,Delivered,COD
April_Sales_2023,256711,29-Apr-23,15,216,2160,9,Delivered,COD
April_Sales_2023,256719,30-Apr-23,23,216,2163,7,Delivered,COD
February_Sales_2023,254694,2-Feb-23,15,216,2163,5,Delivered,COD
February_Sales_2023,254767,4-Feb-23,4,216,2163,9,Delivered,COD
February_Sales_2023,254823,6-Feb-23,25,216,2160,8,Delivered,COD
February_Sales_2023,254922,10-Feb-23,4,216,2161,4,Delivered,COD
February_Sales_2023,255004,13-Feb-23,25,216,2161,9,Delivered,COD
February_Sales_2023,255033,15-Feb-23,10,216,2160,1,Delivered,COD
February_Sales_2023,255053,15-Feb-23,1,216,2161,6,Delivered,COD
February_Sales_2023,255054,15-Feb-23,29,216,2160,1,Delivered,COD
February_Sales_2023,255092,16-Feb-23,23,216,2160,2,Delivered,COD
February_Sales_2023,255107,16-Feb-23,25,216,2160,4,Delivered,COD
February_Sales_2023,255116,17-Feb-23,26,216,2160,5,Delivered,COD
February_Sales_2023,255216,19-Feb-23,16,216,2160,7,Delivered,COD
February_Sales_2023,255225,20-Feb-23,22,216,2161,9,Delivered,COD
February_Sales_2023,255278,24-Feb-23,4,216,2163,6,Delivered,COD
February_Sales_2023,255316,25-Feb-23,13,216,2160,1,Delivered,COD
February_Sales_2023,255346,26-Feb-23,19,216,2160,2,Delivered,COD
February_Sales_2023,255374,26-Feb-23,15,216,2161,8,Delivered,COD
February_Sales_2023,255383,27-Feb-23,28,216,2161,2,Delivered,COD
February_Sales_2023,255385,27-Feb-23,26,216,2160,6,Delivered,COD
January_Sales_2023,254045,4-Jan-23,4,216,2161,3,Delivered,COD
January_Sales_2023,254074,4-Jan-23,8,216,2160,5,Delivered,COD
January_Sales_2023,254076,4-Jan-23,22,216,2160,1,Delivered,COD
January_Sales_2023,254152,9-Jan-23,25,216,2163,2,Delivered,COD
January_Sales_2023,254165,12-Jan-23,19,216,2162,3,Delivered,COD
January_Sales_2023,254244,15-Jan-23,4,216,2163,5,Delivered,COD
January_Sales_2023,254269,16-Jan-23,11,216,2161,8,Delivered,COD
January_Sales_2023,254420,22-Jan-23,28,216,2160,7,Delivered,COD
January_Sales_2023,254501,27-Jan-23,23,216,2160,4,Delivered,COD
January_Sales_2023,254528,29-Jan-23,15,216,2160,9,Delivered,COD
January_Sales_2023,254536,30-Jan-23,23,216,2163,7,Delivered,COD
January_Sales_2023,254538,30-Jan-23,2,216,2162,3,Delivered,COD
January_Sales_2023,254607,31-Jan-23,5,216,2160,8,Delivered,COD
March_Sales_2023,255487,4-Mar-23,29,216,2163,7,Delivered,COD
March_Sales_2023,255511,4-Mar-23,13,216,2163,8,Delivered,COD
March_Sales_2023,255531,5-Mar-23,15,216,2160,9,Delivered,COD
March_Sales_2023,255545,6-Mar-23,25,216,2161,4,Delivered,COD
March_Sales_2023,255569,7-Mar-23,2,216,2161,6,Delivered,COD
March_Sales_2023,255625,10-Mar-23,13,216,2163,1,Delivered,COD
March_Sales_2023,255656,12-Mar-23,12,216,2160,8,Delivered,COD
March_Sales_2023,255661,13-Mar-23,25,216,2162,2,Delivered,COD
March_Sales_2023,255686,13-Mar-23,23,216,2163,3,Delivered,COD
March_Sales_2023,255826,18-Mar-23,2,216,2160,7,Delivered,COD
March_Sales_2023,255911,21-Mar-23,4,216,2163,4,Delivered,COD
March_Sales_2023,255937,22-Mar-23,25,216,2163,10,Delivered,COD
March_Sales_2023,255957,23-Mar-23,25,216,2160,8,Delivered,COD
March_Sales_2023,255982,23-Mar-23,25,216,2163,7,Delivered,COD
March_Sales_2023,256039,27-Mar-23,21,216,2162,9,Delivered,COD
March_Sales_2023,256059,27-Mar-23,4,216,2160,2,Delivered,COD
March_Sales_2023,256069,28-Mar-23,21,216,2160,5,Delivered,COD
April_Sales_2023,256212,2-Apr-23,23,217,2165,4,Delivered,COD
April_Sales_2023,256213,2-Apr-23,4,217,2165,5,Delivered,COD
April_Sales_2023,256275,5-Apr-23,7,217,2164,6,Delivered,COD
April_Sales_2023,256279,5-Apr-23,27,217,2164,6,Delivered,COD
April_Sales_2023,256339,9-Apr-23,25,217,2167,5,Delivered,COD
April_Sales_2023,256362,14-Apr-23,3,217,2164,3,Delivered,COD
April_Sales_2023,256372,14-Apr-23,30,217,2164,9,Delivered,COD
April_Sales_2023,256455,16-Apr-23,9,217,2165,10,Delivered,COD
April_Sales_2023,256552,18-Apr-23,14,217,2165,5,Delivered,COD
April_Sales_2023,256559,19-Apr-23,1,217,2165,1,Delivered,COD
April_Sales_2023,256595,22-Apr-23,25,217,2164,4,Delivered,COD
April_Sales_2023,256604,22-Apr-23,12,217,2165,2,Delivered,COD
April_Sales_2023,256666,26-Apr-23,4,217,2164,4,Delivered,COD
April_Sales_2023,256736,30-Apr-23,25,217,2165,2,Delivered,COD
April_Sales_2023,256762,30-Apr-23,25,217,2164,1,Delivered,COD
February_Sales_2023,254642,1-Feb-23,25,217,2165,5,Delivered,COD
February_Sales_2023,254720,3-Feb-23,4,217,2165,6,Delivered,COD
February_Sales_2023,254796,5-Feb-23,19,217,2165,10,Delivered,COD
February_Sales_2023,254821,6-Feb-23,13,217,2165,2,Delivered,COD
February_Sales_2023,254878,8-Feb-23,7,217,2165,1,Delivered,COD
February_Sales_2023,254884,8-Feb-23,21,217,2166,6,Delivered,COD
February_Sales_2023,254894,9-Feb-23,2,217,2166,7,Delivered,COD
February_Sales_2023,254909,9-Feb-23,29,217,2165,6,Delivered,COD
February_Sales_2023,254913,9-Feb-23,7,217,2166,8,Delivered,COD
February_Sales_2023,254956,11-Feb-23,4,217,2164,2,Delivered,COD
February_Sales_2023,254962,11-Feb-23,4,217,2164,10,Delivered,COD
February_Sales_2023,254998,13-Feb-23,4,217,2165,6,Delivered,COD
February_Sales_2023,255007,13-Feb-23,23,217,2164,8,Delivered,COD
February_Sales_2023,255050,15-Feb-23,21,217,2165,9,Delivered,COD
February_Sales_2023,255081,16-Feb-23,3,217,2164,5,Delivered,COD
February_Sales_2023,255082,16-Feb-23,25,217,2164,10,Delivered,COD
February_Sales_2023,255108,16-Feb-23,12,217,2164,6,Delivered,COD
February_Sales_2023,255159,18-Feb-23,25,217,2165,7,Delivered,COD
February_Sales_2023,255180,19-Feb-23,29,217,2164,8,Delivered,COD
February_Sales_2023,255206,19-Feb-23,25,217,2165,3,Delivered,COD
February_Sales_2023,255236,21-Feb-23,27,217,2164,6,Delivered,COD
February_Sales_2023,255264,23-Feb-23,28,217,2167,4,Delivered,COD
February_Sales_2023,255329,25-Feb-23,22,217,2165,8,Delivered,COD
February_Sales_2023,255405,27-Feb-23,27,217,2165,2,Delivered,COD
January_Sales_2023,254029,2-Jan-23,23,217,2165,4,Delivered,COD
January_Sales_2023,254030,2-Jan-23,4,217,2165,5,Delivered,COD
January_Sales_2023,254092,5-Jan-23,7,217,2164,6,Delivered,COD
January_Sales_2023,254096,5-Jan-23,27,217,2164,6,Delivered,COD
January_Sales_2023,254156,9-Jan-23,25,217,2167,5,Delivered,COD
January_Sales_2023,254179,14-Jan-23,3,217,2164,3,Delivered,COD
January_Sales_2023,254189,14-Jan-23,30,217,2164,9,Delivered,COD
January_Sales_2023,254272,16-Jan-23,9,217,2165,10,Delivered,COD
January_Sales_2023,254369,18-Jan-23,14,217,2165,5,Delivered,COD
January_Sales_2023,254376,19-Jan-23,1,217,2165,1,Delivered,COD
January_Sales_2023,254412,22-Jan-23,25,217,2164,4,Delivered,COD
January_Sales_2023,254421,22-Jan-23,12,217,2165,2,Delivered,COD
January_Sales_2023,254483,26-Jan-23,4,217,2164,4,Delivered,COD
January_Sales_2023,254539,30-Jan-23,18,217,2166,10,Delivered,COD
January_Sales_2023,254541,30-Jan-23,2,217,2164,9,Delivered,COD
January_Sales_2023,254553,30-Jan-23,25,217,2165,2,Delivered,COD
January_Sales_2023,254579,30-Jan-23,25,217,2164,1,Delivered,COD
January_Sales_2023,254590,31-Jan-23,8,217,2165,5,Delivered,COD
January_Sales_2023,254624,31-Jan-23,4,217,2165,9,Delivered,COD
March_Sales_2023,255469,2-Mar-23,25,217,2165,7,Delivered,COD
March_Sales_2023,255473,3-Mar-23,4,217,2165,10,Delivered,COD
March_Sales_2023,255476,4-Mar-23,25,217,2165,8,Delivered,COD
March_Sales_2023,255479,4-Mar-23,25,217,2165,8,Delivered,COD
March_Sales_2023,255543,5-Mar-23,16,217,2165,8,Delivered,COD
March_Sales_2023,255721,14-Mar-23,15,217,2167,1,Delivered,COD
March_Sales_2023,255726,15-Mar-23,2,217,2166,10,Delivered,COD
March_Sales_2023,255727,15-Mar-23,9,217,2165,6,Delivered,COD
March_Sales_2023,255738,15-Mar-23,17,217,2167,1,Delivered,COD
March_Sales_2023,255767,16-Mar-23,13,217,2165,2,Delivered,COD
March_Sales_2023,255768,16-Mar-23,15,217,2167,10,Delivered,COD
March_Sales_2023,255994,24-Mar-23,22,217,2165,3,Delivered,COD
March_Sales_2023,256002,25-Mar-23,5,217,2165,10,Delivered,COD
March_Sales_2023,256058,27-Mar-23,30,217,2165,9,Delivered,COD
March_Sales_2023,256089,28-Mar-23,26,217,2164,5,Delivered,COD
March_Sales_2023,256132,30-Mar-23,25,217,2167,6,Delivered,COD
April_Sales_2023,256222,3-Apr-23,15,214,2155,4,Delivered,COD
April_Sales_2023,256229,4-Apr-23,30,214,2154,8,Delivered,COD
April_Sales_2023,256292,8-Apr-23,25,214,2153,5,Delivered,COD
April_Sales_2023,256308,8-Apr-23,26,214,2155,2,Delivered,COD
April_Sales_2023,256391,14-Apr-23,22,214,2153,5,Delivered,COD
April_Sales_2023,256420,15-Apr-23,25,214,2152,2,Delivered,COD
April_Sales_2023,256428,15-Apr-23,4,214,2154,1,Delivered,COD
April_Sales_2023,256435,15-Apr-23,26,214,2153,2,Delivered,COD
April_Sales_2023,256491,17-Apr-23,26,214,2151,6,Delivered,COD
April_Sales_2023,256495,17-Apr-23,20,214,2153,8,Delivered,COD
April_Sales_2023,256515,18-Apr-23,17,214,2153,4,Delivered,COD
April_Sales_2023,256623,23-Apr-23,10,214,2151,5,Delivered,COD
April_Sales_2023,256624,23-Apr-23,7,214,2153,9,Delivered,COD
April_Sales_2023,256636,25-Apr-23,3,214,2155,8,Delivered,COD
April_Sales_2023,256700,29-Apr-23,25,214,2155,3,Delivered,COD
April_Sales_2023,256733,30-Apr-23,10,214,2155,8,Delivered,COD
April_Sales_2023,256749,30-Apr-23,15,214,2154,5,Delivered,COD
February_Sales_2023,254636,1-Feb-23,4,214,2151,8,Delivered,COD
February_Sales_2023,254640,1-Feb-23,3,214,2152,9,Delivered,COD
February_Sales_2023,254647,1-Feb-23,10,214,2154,4,Delivered,COD
February_Sales_2023,254715,3-Feb-23,30,214,2153,1,Delivered,COD
February_Sales_2023,254737,3-Feb-23,23,214,2153,8,Delivered,COD
February_Sales_2023,254795,5-Feb-23,2,214,2154,8,Delivered,COD
February_Sales_2023,254826,7-Feb-23,30,214,2154,4,Delivered,COD
February_Sales_2023,254932,11-Feb-23,25,214,2154,1,Delivered,COD
February_Sales_2023,254935,11-Feb-23,25,214,2151,3,Delivered,COD
February_Sales_2023,254960,11-Feb-23,17,214,2155,8,Delivered,COD
February_Sales_2023,255025,15-Feb-23,3,214,2155,3,Delivered,COD
February_Sales_2023,255070,16-Feb-23,1,214,2154,2,Delivered,COD
February_Sales_2023,255102,16-Feb-23,21,214,2151,5,Delivered,COD
February_Sales_2023,255127,17-Feb-23,8,214,2151,6,Delivered,COD
February_Sales_2023,255166,18-Feb-23,25,214,2155,5,Delivered,COD
February_Sales_2023,255203,19-Feb-23,22,214,2153,5,Delivered,COD
February_Sales_2023,255214,19-Feb-23,25,214,2154,6,Delivered,COD
February_Sales_2023,255250,21-Feb-23,25,214,2154,1,Delivered,COD
February_Sales_2023,255256,23-Feb-23,4,214,2151,6,Delivered,COD
February_Sales_2023,255319,25-Feb-23,14,214,2151,5,Delivered,COD
February_Sales_2023,255334,25-Feb-23,3,214,2155,5,Delivered,COD
February_Sales_2023,255350,26-Feb-23,25,214,2155,5,Delivered,COD
February_Sales_2023,255396,27-Feb-23,25,214,2154,3,Delivered,COD
January_Sales_2023,254002,1-Jan-23,25,214,2152,7,Delivered,COD
January_Sales_2023,254039,3-Jan-23,15,214,2155,4,Delivered,COD
January_Sales_2023,254046,4-Jan-23,30,214,2154,8,Delivered,COD
January_Sales_2023,254109,8-Jan-23,25,214,2153,5,Delivered,COD
January_Sales_2023,254125,8-Jan-23,26,214,2155,2,Delivered,COD
January_Sales_2023,254208,14-Jan-23,22,214,2153,5,Delivered,COD
January_Sales_2023,254237,15-Jan-23,25,214,2152,2,Delivered,COD
January_Sales_2023,254245,15-Jan-23,4,214,2154,1,Delivered,COD
January_Sales_2023,254252,15-Jan-23,26,214,2153,2,Delivered,COD
January_Sales_2023,254308,17-Jan-23,26,214,2151,6,Delivered,COD
January_Sales_2023,254312,17-Jan-23,20,214,2153,8,Delivered,COD
January_Sales_2023,254332,18-Jan-23,17,214,2153,4,Delivered,COD
January_Sales_2023,254440,23-Jan-23,10,214,2151,5,Delivered,COD
January_Sales_2023,254441,23-Jan-23,7,214,2153,9,Delivered,COD
January_Sales_2023,254453,25-Jan-23,3,214,2155,8,Delivered,COD
January_Sales_2023,254459,25-Jan-23,14,214,2154,6,Delivered,COD
January_Sales_2023,254517,29-Jan-23,25,214,2155,3,Delivered,COD
January_Sales_2023,254550,30-Jan-23,10,214,2155,8,Delivered,COD
January_Sales_2023,254566,30-Jan-23,15,214,2154,5,Delivered,COD
January_Sales_2023,254622,31-Jan-23,13,214,2154,6,Delivered,COD
March_Sales_2023,255437,2-Mar-23,10,214,2152,6,Delivered,COD
March_Sales_2023,255456,2-Mar-23,5,214,2155,9,Delivered,COD
March_Sales_2023,255464,2-Mar-23,4,214,2152,9,Delivered,COD
March_Sales_2023,255506,4-Mar-23,23,214,2155,4,Delivered,COD
March_Sales_2023,255522,5-Mar-23,27,214,2152,2,Delivered,COD
March_Sales_2023,255566,7-Mar-23,4,214,2154,3,Delivered,COD
March_Sales_2023,255573,7-Mar-23,23,214,2151,7,Delivered,COD
March_Sales_2023,255587,7-Mar-23,20,214,2151,10,Delivered,COD
March_Sales_2023,255612,9-Mar-23,27,214,2154,8,Delivered,COD
March_Sales_2023,255614,9-Mar-23,20,214,2155,7,Delivered,COD
March_Sales_2023,255629,10-Mar-23,4,214,2154,6,Delivered,COD
March_Sales_2023,255634,11-Mar-23,25,214,2154,2,Delivered,COD
March_Sales_2023,255649,12-Mar-23,4,214,2155,6,Delivered,COD
March_Sales_2023,255650,12-Mar-23,6,214,2154,7,Delivered,COD
March_Sales_2023,255660,13-Mar-23,4,214,2151,5,Delivered,COD
March_Sales_2023,255762,16-Mar-23,25,214,2151,5,Delivered,COD
March_Sales_2023,255774,16-Mar-23,4,214,2153,4,Delivered,COD
March_Sales_2023,255805,17-Mar-23,30,214,2155,6,Delivered,COD
March_Sales_2023,255879,21-Mar-23,4,214,2155,1,Delivered,COD
March_Sales_2023,255891,21-Mar-23,23,214,2154,9,Delivered,COD
March_Sales_2023,255896,21-Mar-23,25,214,2152,6,Delivered,COD
March_Sales_2023,255914,21-Mar-23,25,214,2155,4,Delivered,COD
March_Sales_2023,255918,22-Mar-23,6,214,2154,3,Delivered,COD
March_Sales_2023,255993,24-Mar-23,14,214,2152,10,Delivered,COD
March_Sales_2023,256008,25-Mar-23,21,214,2151,4,Delivered,COD
March_Sales_2023,256014,25-Mar-23,17,214,2154,2,Delivered,COD
March_Sales_2023,256079,28-Mar-23,6,214,2152,4,Delivered,COD
March_Sales_2023,256092,28-Mar-23,18,214,2151,9,Delivered,COD
March_Sales_2023,256095,29-Mar-23,21,214,2154,1,Delivered,COD
March_Sales_2023,256098,29-Mar-23,28,214,2155,4,Delivered,COD
March_Sales_2023,256106,29-Mar-23,11,214,2155,10,Delivered,COD
March_Sales_2023,256138,30-Mar-23,20,214,2152,4,Delivered,COD
April_Sales_2023,256185,1-Apr-23,24,213,2152,7,Delivered,COD
April_Sales_2023,256287,7-Apr-23,16,213,2148,3,Delivered,COD
April_Sales_2023,256311,8-Apr-23,14,213,2148,2,Delivered,COD
April_Sales_2023,256317,8-Apr-23,15,213,2149,9,Delivered,COD
April_Sales_2023,256322,8-Apr-23,8,213,2150,10,Delivered,COD
April_Sales_2023,256330,8-Apr-23,5,213,2149,7,Delivered,COD
April_Sales_2023,256334,9-Apr-23,2,213,2150,7,Delivered,COD
April_Sales_2023,256340,10-Apr-23,4,213,2148,5,Delivered,COD
April_Sales_2023,256353,13-Apr-23,4,213,2150,2,Delivered,COD
April_Sales_2023,256406,14-Apr-23,4,213,2149,2,Delivered,COD
April_Sales_2023,256419,15-Apr-23,17,213,2149,3,Delivered,COD
April_Sales_2023,256425,15-Apr-23,18,213,2150,7,Delivered,COD
April_Sales_2023,256451,16-Apr-23,9,213,2149,10,Delivered,COD
April_Sales_2023,256499,17-Apr-23,4,213,2149,3,Delivered,COD
April_Sales_2023,256562,19-Apr-23,4,213,2150,5,Delivered,COD
April_Sales_2023,256585,22-Apr-23,3,213,2150,6,Delivered,COD
April_Sales_2023,256660,26-Apr-23,9,213,2150,2,Delivered,COD
April_Sales_2023,256677,27-Apr-23,12,213,2150,4,Delivered,COD
April_Sales_2023,256699,28-Apr-23,11,213,2149,9,Delivered,COD
April_Sales_2023,256702,29-Apr-23,7,213,2149,7,Delivered,COD
April_Sales_2023,256737,30-Apr-23,16,213,2150,6,Delivered,COD
February_Sales_2023,254638,1-Feb-23,26,213,2149,6,Delivered,COD
February_Sales_2023,254649,1-Feb-23,4,213,2149,5,Delivered,COD
February_Sales_2023,254660,2-Feb-23,27,213,2148,3,Delivered,COD
February_Sales_2023,254688,2-Feb-23,20,213,2150,5,Delivered,COD
February_Sales_2023,254704,3-Feb-23,4,213,2149,7,Delivered,COD
February_Sales_2023,254744,4-Feb-23,4,213,2148,4,Delivered,COD
February_Sales_2023,254752,4-Feb-23,25,213,2150,5,Delivered,COD
February_Sales_2023,254755,4-Feb-23,4,213,2150,4,Delivered,COD
February_Sales_2023,254838,7-Feb-23,30,213,2148,5,Delivered,COD
February_Sales_2023,254854,7-Feb-23,4,213,2149,1,Delivered,COD
February_Sales_2023,254866,8-Feb-23,17,213,2149,9,Delivered,COD
February_Sales_2023,254893,9-Feb-23,3,213,2150,6,Delivered,COD
February_Sales_2023,254896,9-Feb-23,25,213,2150,10,Delivered,COD
February_Sales_2023,254915,9-Feb-23,18,213,2150,3,Delivered,COD
February_Sales_2023,254916,10-Feb-23,16,213,2148,1,Delivered,COD
February_Sales_2023,254917,10-Feb-23,25,213,2150,1,Delivered,COD
February_Sales_2023,254925,11-Feb-23,12,213,2149,6,Delivered,COD
February_Sales_2023,254968,12-Feb-23,28,213,2149,2,Delivered,COD
February_Sales_2023,255024,15-Feb-23,27,213,2150,8,Delivered,COD
February_Sales_2023,255047,15-Feb-23,28,213,2148,9,Delivered,COD
February_Sales_2023,255048,15-Feb-23,4,213,2149,7,Delivered,COD
February_Sales_2023,255152,18-Feb-23,4,213,2150,4,Delivered,COD
February_Sales_2023,255182,19-Feb-23,19,213,2149,10,Delivered,COD
February_Sales_2023,255230,21-Feb-23,6,213,2148,10,Delivered,COD
February_Sales_2023,255252,21-Feb-23,7,213,2148,1,Delivered,COD
February_Sales_2023,255276,24-Feb-23,27,213,2148,10,Delivered,COD
February_Sales_2023,255305,24-Feb-23,18,213,2150,5,Delivered,COD
February_Sales_2023,255315,25-Feb-23,2,213,2149,3,Delivered,COD
February_Sales_2023,255345,26-Feb-23,29,213,2150,2,Delivered,COD
February_Sales_2023,255348,26-Feb-23,18,213,2149,4,Delivered,COD
January_Sales_2023,254104,7-Jan-23,16,213,2148,3,Delivered,COD
January_Sales_2023,254128,8-Jan-23,14,213,2148,2,Delivered,COD
January_Sales_2023,254134,8-Jan-23,15,213,2149,9,Delivered,COD
January_Sales_2023,254139,8-Jan-23,8,213,2150,10,Delivered,COD
January_Sales_2023,254147,8-Jan-23,5,213,2149,7,Delivered,COD
January_Sales_2023,254151,9-Jan-23,2,213,2150,7,Delivered,COD
January_Sales_2023,254157,10-Jan-23,4,213,2148,5,Delivered,COD
January_Sales_2023,254170,13-Jan-23,4,213,2150,2,Delivered,COD
January_Sales_2023,254223,14-Jan-23,4,213,2149,2,Delivered,COD
January_Sales_2023,254236,15-Jan-23,17,213,2149,3,Delivered,COD
January_Sales_2023,254242,15-Jan-23,18,213,2150,7,Delivered,COD
January_Sales_2023,254268,16-Jan-23,9,213,2149,10,Delivered,COD
January_Sales_2023,254316,17-Jan-23,4,213,2149,3,Delivered,COD
January_Sales_2023,254379,19-Jan-23,4,213,2150,5,Delivered,COD
January_Sales_2023,254402,22-Jan-23,3,213,2150,6,Delivered,COD
January_Sales_2023,254477,26-Jan-23,9,213,2150,2,Delivered,COD
January_Sales_2023,254494,27-Jan-23,12,213,2150,4,Delivered,COD
January_Sales_2023,254516,28-Jan-23,11,213,2149,9,Delivered,COD
January_Sales_2023,254519,29-Jan-23,7,213,2149,7,Delivered,COD
January_Sales_2023,254554,30-Jan-23,16,213,2150,6,Delivered,COD
January_Sales_2023,254591,31-Jan-23,20,213,2149,6,Delivered,COD
March_Sales_2023,255432,2-Mar-23,13,213,2150,3,Delivered,COD
March_Sales_2023,255493,4-Mar-23,24,213,2148,1,Delivered,COD
March_Sales_2023,255496,4-Mar-23,8,213,2148,3,Delivered,COD
March_Sales_2023,255515,5-Mar-23,16,213,2148,1,Delivered,COD
March_Sales_2023,255565,7-Mar-23,29,213,2149,9,Delivered,COD
March_Sales_2023,255581,7-Mar-23,25,213,2150,1,Delivered,COD
March_Sales_2023,255640,11-Mar-23,3,213,2150,6,Delivered,COD
March_Sales_2023,255654,12-Mar-23,25,213,2149,6,Delivered,COD
March_Sales_2023,255677,13-Mar-23,25,213,2150,5,Delivered,COD
March_Sales_2023,255702,14-Mar-23,8,213,2149,2,Delivered,COD
March_Sales_2023,255714,14-Mar-23,4,213,2149,5,Delivered,COD
March_Sales_2023,255760,15-Mar-23,4,213,2148,6,Delivered,COD
March_Sales_2023,255795,17-Mar-23,24,213,2148,8,Delivered,COD
March_Sales_2023,255822,17-Mar-23,29,213,2148,1,Delivered,COD
March_Sales_2023,255835,18-Mar-23,6,213,2149,7,Delivered,COD
March_Sales_2023,255840,19-Mar-23,25,213,2150,6,Delivered,COD
March_Sales_2023,255897,21-Mar-23,27,213,2150,8,Delivered,COD
March_Sales_2023,255904,21-Mar-23,2,213,2148,4,Delivered,COD
March_Sales_2023,255923,22-Mar-23,25,213,2150,4,Delivered,COD
March_Sales_2023,255946,22-Mar-23,20,213,2148,9,Delivered,COD
March_Sales_2023,255960,23-Mar-23,4,213,2148,7,Delivered,COD
March_Sales_2023,255992,24-Mar-23,13,213,2149,2,Delivered,COD
March_Sales_2023,256006,25-Mar-23,30,213,2150,8,Delivered,COD
March_Sales_2023,256012,25-Mar-23,13,213,2150,1,Delivered,COD
March_Sales_2023,256074,28-Mar-23,2,213,2148,9,Delivered,COD
March_Sales_2023,256076,28-Mar-23,10,213,2148,8,Delivered,COD
March_Sales_2023,256150,30-Mar-23,13,213,2150,1,Delivered,COD
March_Sales_2023,256154,30-Mar-23,13,213,2148,1,Delivered,COD
April_Sales_2023,256192,2-Apr-23,10,211,2141,7,Delivered,COD
April_Sales_2023,256197,2-Apr-23,13,211,2144,1,Delivered,COD
April_Sales_2023,256202,2-Apr-23,6,211,2144,2,Delivered,COD
April_Sales_2023,256214,2-Apr-23,18,211,2141,6,Delivered,COD
April_Sales_2023,256220,3-Apr-23,19,211,2143,6,Delivered,COD
April_Sales_2023,256232,4-Apr-23,15,211,2141,9,Delivered,COD
April_Sales_2023,256249,4-Apr-23,13,211,2144,4,Delivered,COD
April_Sales_2023,256318,8-Apr-23,16,211,2141,1,Delivered,COD
April_Sales_2023,256384,14-Apr-23,25,211,2141,1,Delivered,COD
April_Sales_2023,256461,16-Apr-23,1,211,2144,3,Delivered,COD
April_Sales_2023,256484,16-Apr-23,8,211,2141,3,Delivered,COD
April_Sales_2023,256494,17-Apr-23,5,211,2141,1,Delivered,COD
April_Sales_2023,256520,18-Apr-23,19,211,2144,10,Delivered,COD
April_Sales_2023,256536,18-Apr-23,28,211,2144,9,Delivered,COD
April_Sales_2023,256634,25-Apr-23,29,211,2141,3,Delivered,COD
April_Sales_2023,256653,25-Apr-23,25,211,2141,7,Delivered,COD
April_Sales_2023,256692,27-Apr-23,15,211,2141,2,Delivered,COD
February_Sales_2023,254648,1-Feb-23,25,211,2141,9,Delivered,COD
February_Sales_2023,254662,2-Feb-23,25,211,2141,10,Delivered,COD
February_Sales_2023,254678,2-Feb-23,23,211,2141,2,Delivered,COD
February_Sales_2023,254681,2-Feb-23,25,211,2144,6,Delivered,COD
February_Sales_2023,254716,3-Feb-23,8,211,2141,6,Delivered,COD
February_Sales_2023,254717,3-Feb-23,15,211,2141,5,Delivered,COD
February_Sales_2023,254751,4-Feb-23,3,211,2141,8,Delivered,COD
February_Sales_2023,254779,4-Feb-23,25,211,2143,9,Delivered,COD
February_Sales_2023,254784,5-Feb-23,25,211,2143,7,Delivered,COD
February_Sales_2023,254810,5-Feb-23,26,211,2144,7,Delivered,COD
February_Sales_2023,254818,6-Feb-23,13,211,2141,8,Delivered,COD
February_Sales_2023,254856,7-Feb-23,9,211,2141,9,Delivered,COD
February_Sales_2023,254887,8-Feb-23,25,211,2141,5,Delivered,COD
February_Sales_2023,254904,9-Feb-23,11,211,2141,7,Delivered,COD
February_Sales_2023,254929,11-Feb-23,9,211,2144,7,Delivered,COD
February_Sales_2023,254938,11-Feb-23,5,211,2141,9,Delivered,COD
February_Sales_2023,254952,11-Feb-23,25,211,2141,3,Delivered,COD
February_Sales_2023,254979,12-Feb-23,17,211,2143,5,Delivered,COD
February_Sales_2023,254984,12-Feb-23,13,211,2141,4,Delivered,COD
February_Sales_2023,255049,15-Feb-23,23,211,2143,8,Delivered,COD
February_Sales_2023,255080,16-Feb-23,2,211,2141,4,Delivered,COD
February_Sales_2023,255084,16-Feb-23,4,211,2141,10,Delivered,COD
February_Sales_2023,255085,16-Feb-23,25,211,2141,3,Delivered,COD
February_Sales_2023,255118,17-Feb-23,12,211,2143,5,Delivered,COD
February_Sales_2023,255183,19-Feb-23,25,211,2141,2,Delivered,COD
February_Sales_2023,255246,21-Feb-23,21,211,2144,6,Delivered,COD
February_Sales_2023,255263,23-Feb-23,10,211,2143,1,Delivered,COD
February_Sales_2023,255272,24-Feb-23,28,211,2141,2,Delivered,COD
February_Sales_2023,255294,24-Feb-23,29,211,2141,1,Delivered,COD
February_Sales_2023,255297,24-Feb-23,21,211,2144,3,Delivered,COD
February_Sales_2023,255310,25-Feb-23,4,211,2143,5,Delivered,COD
February_Sales_2023,255339,26-Feb-23,23,211,2143,8,Delivered,COD
February_Sales_2023,255344,26-Feb-23,16,211,2144,9,Delivered,COD
February_Sales_2023,255368,26-Feb-23,14,211,2144,4,Delivered,COD
February_Sales_2023,255406,27-Feb-23,28,211,2144,5,Delivered,COD
January_Sales_2023,254009,2-Jan-23,10,211,2141,7,Delivered,COD
January_Sales_2023,254014,2-Jan-23,13,211,2144,1,Delivered,COD
January_Sales_2023,254019,2-Jan-23,6,211,2144,2,Delivered,COD
January_Sales_2023,254031,2-Jan-23,18,211,2141,6,Delivered,COD
January_Sales_2023,254037,3-Jan-23,19,211,2143,6,Delivered,COD
January_Sales_2023,254049,4-Jan-23,15,211,2141,9,Delivered,COD
January_Sales_2023,254066,4-Jan-23,13,211,2144,4,Delivered,COD
January_Sales_2023,254135,8-Jan-23,16,211,2141,1,Delivered,COD
January_Sales_2023,254201,14-Jan-23,25,211,2141,1,Delivered,COD
January_Sales_2023,254278,16-Jan-23,1,211,2144,3,Delivered,COD
January_Sales_2023,254301,16-Jan-23,8,211,2141,3,Delivered,COD
January_Sales_2023,254311,17-Jan-23,5,211,2141,1,Delivered,COD
January_Sales_2023,254337,18-Jan-23,19,211,2144,10,Delivered,COD
January_Sales_2023,254353,18-Jan-23,28,211,2144,9,Delivered,COD
January_Sales_2023,254451,25-Jan-23,29,211,2141,3,Delivered,COD
January_Sales_2023,254470,25-Jan-23,25,211,2141,7,Delivered,COD
January_Sales_2023,254509,27-Jan-23,15,211,2141,2,Delivered,COD
January_Sales_2023,254603,31-Jan-23,4,211,2141,9,Delivered,COD
January_Sales_2023,254614,31-Jan-23,24,211,2141,1,Delivered,COD
March_Sales_2023,255447,2-Mar-23,6,211,2141,4,Delivered,COD
March_Sales_2023,255449,2-Mar-23,18,211,2141,10,Delivered,COD
March_Sales_2023,255551,6-Mar-23,4,211,2141,9,Delivered,COD
March_Sales_2023,255586,7-Mar-23,15,211,2141,10,Delivered,COD
March_Sales_2023,255604,9-Mar-23,8,211,2141,7,Delivered,COD
March_Sales_2023,255626,10-Mar-23,8,211,2141,7,Delivered,COD
March_Sales_2023,255657,12-Mar-23,20,211,2143,9,Delivered,COD
March_Sales_2023,255667,13-Mar-23,20,211,2141,7,Delivered,COD
March_Sales_2023,255708,14-Mar-23,28,211,2141,1,Delivered,COD
March_Sales_2023,255730,15-Mar-23,4,211,2141,1,Delivered,COD
March_Sales_2023,255770,16-Mar-23,9,211,2144,10,Delivered,COD
March_Sales_2023,255780,16-Mar-23,9,211,2143,6,Delivered,COD
March_Sales_2023,255799,17-Mar-23,28,211,2141,2,Delivered,COD
March_Sales_2023,255810,17-Mar-23,25,211,2143,1,Delivered,COD
March_Sales_2023,255820,17-Mar-23,22,211,2141,7,Delivered,COD
March_Sales_2023,256015,25-Mar-23,4,211,2141,3,Delivered,COD
March_Sales_2023,256024,26-Mar-23,18,211,2141,5,Delivered,COD
March_Sales_2023,256030,26-Mar-23,24,211,2144,3,Delivered,COD
March_Sales_2023,256033,26-Mar-23,8,211,2144,8,Delivered,COD
March_Sales_2023,256035,27-Mar-23,16,211,2143,8,Delivered,COD
March_Sales_2023,256072,28-Mar-23,12,211,2143,1,Delivered,COD
March_Sales_2023,256080,28-Mar-23,3,211,2144,4,Delivered,COD
March_Sales_2023,256123,30-Mar-23,29,211,2141,6,Delivered,COD
March_Sales_2023,256129,30-Mar-23,19,211,2143,4,Delivered,COD
March_Sales_2023,256165,30-Mar-23,22,211,2141,6,Delivered,COD
March_Sales_2023,256181,31-Mar-23,4,211,2141,8,Delivered,COD
April_Sales_2023,256190,1-Apr-23,17,211,2142,4,Delivered,COD
April_Sales_2023,256242,4-Apr-23,6,211,2142,7,Delivered,COD
April_Sales_2023,256267,5-Apr-23,8,211,2142,6,Delivered,COD
April_Sales_2023,256276,5-Apr-23,23,211,2142,3,Delivered,COD
April_Sales_2023,256370,14-Apr-23,7,211,2142,6,Delivered,COD
April_Sales_2023,256407,15-Apr-23,6,211,2142,10,Delivered,COD
April_Sales_2023,256415,15-Apr-23,19,211,2142,5,Delivered,COD
April_Sales_2023,256450,16-Apr-23,21,211,2142,9,Delivered,COD
April_Sales_2023,256477,16-Apr-23,14,211,2142,1,Delivered,COD
April_Sales_2023,256615,22-Apr-23,22,211,2142,1,Delivered,COD
April_Sales_2023,256650,25-Apr-23,4,211,2142,4,Delivered,COD
April_Sales_2023,256663,26-Apr-23,4,211,2142,9,Delivered,COD
April_Sales_2023,256707,29-Apr-23,29,211,2142,7,Delivered,COD
April_Sales_2023,256725,30-Apr-23,6,211,2142,7,Delivered,COD
April_Sales_2023,256730,30-Apr-23,19,211,2142,8,Delivered,COD
February_Sales_2023,254705,3-Feb-23,12,211,2142,6,Delivered,COD
February_Sales_2023,254708,3-Feb-23,25,211,2142,2,Delivered,COD
February_Sales_2023,254739,4-Feb-23,26,211,2142,9,Delivered,COD
February_Sales_2023,254756,4-Feb-23,3,211,2142,8,Delivered,COD
February_Sales_2023,254775,4-Feb-23,29,211,2142,8,Delivered,COD
February_Sales_2023,254788,5-Feb-23,9,211,2142,5,Delivered,COD
February_Sales_2023,254798,5-Feb-23,28,211,2142,7,Delivered,COD
February_Sales_2023,254837,7-Feb-23,4,211,2142,4,Delivered,COD
February_Sales_2023,254891,9-Feb-23,4,211,2142,5,Delivered,COD
February_Sales_2023,254905,9-Feb-23,4,211,2142,3,Delivered,COD
February_Sales_2023,254936,11-Feb-23,30,211,2142,8,Delivered,COD
February_Sales_2023,254957,11-Feb-23,28,211,2142,8,Delivered,COD
February_Sales_2023,254974,12-Feb-23,7,211,2142,2,Delivered,COD
February_Sales_2023,254992,13-Feb-23,20,211,2142,9,Delivered,COD
February_Sales_2023,255065,15-Feb-23,25,211,2142,8,Delivered,COD
February_Sales_2023,255079,16-Feb-23,30,211,2142,8,Delivered,COD
February_Sales_2023,255096,16-Feb-23,4,211,2142,6,Delivered,COD
February_Sales_2023,255257,23-Feb-23,2,211,2142,4,Delivered,COD
February_Sales_2023,255275,24-Feb-23,20,211,2142,10,Delivered,COD
February_Sales_2023,255365,26-Feb-23,21,211,2142,4,Delivered,COD
February_Sales_2023,255369,26-Feb-23,24,211,2142,7,Delivered,COD
February_Sales_2023,255386,27-Feb-23,11,211,2142,1,Delivered,COD
February_Sales_2023,255390,27-Feb-23,19,211,2142,9,Delivered,COD
February_Sales_2023,255395,27-Feb-23,23,211,2142,1,Delivered,COD
January_Sales_2023,254001,1-Jan-23,30,211,2142,4,Delivered,COD
January_Sales_2023,254007,1-Jan-23,17,211,2142,4,Delivered,COD
January_Sales_2023,254059,4-Jan-23,6,211,2142,7,Delivered,COD
January_Sales_2023,254084,5-Jan-23,8,211,2142,6,Delivered,COD
January_Sales_2023,254093,5-Jan-23,23,211,2142,3,Delivered,COD
January_Sales_2023,254187,14-Jan-23,7,211,2142,6,Delivered,COD
January_Sales_2023,254224,15-Jan-23,6,211,2142,10,Delivered,COD
January_Sales_2023,254232,15-Jan-23,19,211,2142,5,Delivered,COD
January_Sales_2023,254267,16-Jan-23,21,211,2142,9,Delivered,COD
January_Sales_2023,254294,16-Jan-23,14,211,2142,1,Delivered,COD
January_Sales_2023,254432,22-Jan-23,22,211,2142,1,Delivered,COD
January_Sales_2023,254467,25-Jan-23,4,211,2142,4,Delivered,COD
January_Sales_2023,254480,26-Jan-23,4,211,2142,9,Delivered,COD
January_Sales_2023,254524,29-Jan-23,29,211,2142,7,Delivered,COD
January_Sales_2023,254542,30-Jan-23,6,211,2142,7,Delivered,COD
January_Sales_2023,254547,30-Jan-23,19,211,2142,8,Delivered,COD
January_Sales_2023,254589,31-Jan-23,25,211,2142,6,Delivered,COD
March_Sales_2023,255475,4-Mar-23,25,211,2142,4,Delivered,COD
March_Sales_2023,255482,4-Mar-23,17,211,2142,8,Delivered,COD
March_Sales_2023,255498,4-Mar-23,25,211,2142,2,Delivered,COD
March_Sales_2023,255514,4-Mar-23,26,211,2142,10,Delivered,COD
March_Sales_2023,255538,5-Mar-23,27,211,2142,8,Delivered,COD
March_Sales_2023,255547,6-Mar-23,15,211,2142,3,Delivered,COD
March_Sales_2023,255572,7-Mar-23,8,211,2142,7,Delivered,COD
March_Sales_2023,255579,7-Mar-23,17,211,2142,8,Delivered,COD
March_Sales_2023,255599,9-Mar-23,26,211,2142,3,Delivered,COD
March_Sales_2023,255602,9-Mar-23,15,211,2142,10,Delivered,COD
March_Sales_2023,255609,9-Mar-23,8,211,2142,9,Delivered,COD
March_Sales_2023,255639,11-Mar-23,12,211,2142,3,Delivered,COD
March_Sales_2023,255652,12-Mar-23,28,211,2142,9,Delivered,COD
March_Sales_2023,255664,13-Mar-23,1,211,2142,5,Delivered,COD
March_Sales_2023,255665,13-Mar-23,25,211,2142,1,Delivered,COD
March_Sales_2023,255679,13-Mar-23,14,211,2142,5,Delivered,COD
March_Sales_2023,255728,15-Mar-23,25,211,2142,7,Delivered,COD
March_Sales_2023,255785,16-Mar-23,4,211,2142,4,Delivered,COD
March_Sales_2023,255788,16-Mar-23,25,211,2142,6,Delivered,COD
March_Sales_2023,255817,17-Mar-23,13,211,2142,4,Delivered,COD
March_Sales_2023,255830,18-Mar-23,4,211,2142,10,Delivered,COD
March_Sales_2023,255845,19-Mar-23,3,211,2142,4,Delivered,COD
March_Sales_2023,255900,21-Mar-23,25,211,2142,2,Delivered,COD
March_Sales_2023,255922,22-Mar-23,4,211,2142,8,Delivered,COD
March_Sales_2023,255930,22-Mar-23,4,211,2142,5,Delivered,COD
March_Sales_2023,255995,24-Mar-23,18,211,2142,9,Delivered,COD
March_Sales_2023,256043,27-Mar-23,4,211,2142,9,Delivered,COD
March_Sales_2023,256104,29-Mar-23,29,211,2142,2,Delivered,COD
March_Sales_2023,256114,29-Mar-23,25,211,2142,2,Delivered,COD
March_Sales_2023,256140,30-Mar-23,3,211,2142,10,Delivered,COD
March_Sales_2023,256144,30-Mar-23,13,211,2142,4,Delivered,COD
March_Sales_2023,256146,30-Mar-23,23,211,2142,7,Delivered,COD
March_Sales_2023,256147,30-Mar-23,25,211,2142,1,Delivered,COD
March_Sales_2023,256163,30-Mar-23,4,211,2142,7,Delivered,COD
March_Sales_2023,256182,31-Mar-23,15,211,2142,5,Delivered,COD
April_Sales_2023,256184,1-Apr-23,29,212,2142,5,Delivered,COD
April_Sales_2023,256195,2-Apr-23,3,212,2145,10,Delivered,COD
April_Sales_2023,256223,3-Apr-23,6,212,2145,2,Delivered,COD
April_Sales_2023,256237,4-Apr-23,15,212,2145,8,Delivered,COD
April_Sales_2023,256247,4-Apr-23,25,212,2145,4,Delivered,COD
April_Sales_2023,256285,7-Apr-23,25,212,2146,10,Delivered,COD
April_Sales_2023,256303,8-Apr-23,10,212,2145,7,Delivered,COD
April_Sales_2023,256329,8-Apr-23,4,212,2146,5,Delivered,COD
April_Sales_2023,256352,13-Apr-23,25,212,2146,2,Delivered,COD
April_Sales_2023,256371,14-Apr-23,4,212,2145,1,Delivered,COD
April_Sales_2023,256398,14-Apr-23,4,212,2146,5,Delivered,COD
April_Sales_2023,256434,15-Apr-23,1,212,2145,10,Delivered,COD
April_Sales_2023,256496,17-Apr-23,4,212,2145,7,Delivered,COD
April_Sales_2023,256513,18-Apr-23,16,212,2145,1,Delivered,COD
April_Sales_2023,256728,30-Apr-23,4,212,2145,8,Delivered,COD
April_Sales_2023,256747,30-Apr-23,2,212,2145,4,Delivered,COD
February_Sales_2023,254627,1-Feb-23,5,212,2146,9,Delivered,COD
February_Sales_2023,254696,2-Feb-23,11,212,2145,3,Delivered,COD
February_Sales_2023,254710,3-Feb-23,8,212,2145,4,Delivered,COD
February_Sales_2023,254719,3-Feb-23,7,212,2145,5,Delivered,COD
February_Sales_2023,254721,3-Feb-23,25,212,2145,9,Delivered,COD
February_Sales_2023,254723,3-Feb-23,4,212,2145,4,Delivered,COD
February_Sales_2023,254750,4-Feb-23,25,212,2146,1,Delivered,COD
February_Sales_2023,254778,4-Feb-23,23,212,2145,2,Delivered,COD
February_Sales_2023,254782,5-Feb-23,12,212,2145,1,Delivered,COD
February_Sales_2023,254861,8-Feb-23,25,212,2145,1,Delivered,COD
February_Sales_2023,254900,9-Feb-23,4,212,2145,9,Delivered,COD
February_Sales_2023,255020,14-Feb-23,7,212,2145,3,Delivered,COD
February_Sales_2023,255109,16-Feb-23,11,212,2145,1,Delivered,COD
February_Sales_2023,255128,18-Feb-23,25,212,2145,3,Delivered,COD
February_Sales_2023,255171,19-Feb-23,21,212,2146,9,Delivered,COD
February_Sales_2023,255226,20-Feb-23,9,212,2146,9,Delivered,COD
February_Sales_2023,255231,21-Feb-23,12,212,2145,9,Delivered,COD
February_Sales_2023,255247,21-Feb-23,5,212,2145,10,Delivered,COD
February_Sales_2023,255271,24-Feb-23,9,212,2145,2,Delivered,COD
February_Sales_2023,255313,25-Feb-23,25,212,2145,10,Delivered,COD
February_Sales_2023,255402,27-Feb-23,27,212,2146,8,Delivered,COD
January_Sales_2023,254012,2-Jan-23,3,212,2145,10,Delivered,COD
January_Sales_2023,254040,3-Jan-23,6,212,2145,2,Delivered,COD
January_Sales_2023,254054,4-Jan-23,15,212,2145,8,Delivered,COD
January_Sales_2023,254064,4-Jan-23,25,212,2145,4,Delivered,COD
January_Sales_2023,254102,7-Jan-23,25,212,2146,10,Delivered,COD
January_Sales_2023,254120,8-Jan-23,10,212,2145,7,Delivered,COD
January_Sales_2023,254146,8-Jan-23,4,212,2146,5,Delivered,COD
January_Sales_2023,254169,13-Jan-23,25,212,2146,2,Delivered,COD
January_Sales_2023,254188,14-Jan-23,4,212,2145,1,Delivered,COD
January_Sales_2023,254215,14-Jan-23,4,212,2146,5,Delivered,COD
January_Sales_2023,254251,15-Jan-23,1,212,2145,10,Delivered,COD
January_Sales_2023,254313,17-Jan-23,4,212,2145,7,Delivered,COD
January_Sales_2023,254330,18-Jan-23,16,212,2145,1,Delivered,COD
January_Sales_2023,254545,30-Jan-23,4,212,2145,8,Delivered,COD
January_Sales_2023,254564,30-Jan-23,2,212,2145,4,Delivered,COD
January_Sales_2023,254592,31-Jan-23,18,212,2146,10,Delivered,COD
January_Sales_2023,254613,31-Jan-23,25,212,2145,4,Delivered,COD
January_Sales_2023,254620,31-Jan-23,4,212,2145,5,Delivered,COD
March_Sales_2023,255426,1-Mar-23,19,212,2145,10,Delivered,COD
March_Sales_2023,255430,1-Mar-23,4,212,2146,1,Delivered,COD
March_Sales_2023,255460,2-Mar-23,25,212,2145,7,Delivered,COD
March_Sales_2023,255574,7-Mar-23,12,212,2145,8,Delivered,COD
March_Sales_2023,255600,9-Mar-23,19,212,2145,8,Delivered,COD
March_Sales_2023,255645,12-Mar-23,10,212,2145,3,Delivered,COD
March_Sales_2023,255700,14-Mar-23,15,212,2145,3,Delivered,COD
March_Sales_2023,255711,14-Mar-23,21,212,2145,3,Delivered,COD
March_Sales_2023,255735,15-Mar-23,20,212,2146,2,Delivered,COD
March_Sales_2023,255758,15-Mar-23,4,212,2146,6,Delivered,COD
March_Sales_2023,255766,16-Mar-23,23,212,2146,5,Delivered,COD
March_Sales_2023,255811,17-Mar-23,25,212,2146,3,Delivered,COD
March_Sales_2023,255855,19-Mar-23,4,212,2145,1,Delivered,COD
March_Sales_2023,255857,19-Mar-23,4,212,2146,4,Delivered,COD
March_Sales_2023,255858,19-Mar-23,16,212,2145,6,Delivered,COD
March_Sales_2023,255867,20-Mar-23,27,212,2145,4,Delivered,COD
March_Sales_2023,255870,21-Mar-23,25,212,2145,4,Delivered,COD
March_Sales_2023,255883,21-Mar-23,4,212,2145,10,Delivered,COD
March_Sales_2023,255893,21-Mar-23,25,212,2146,9,Delivered,COD
March_Sales_2023,255912,21-Mar-23,26,212,2146,5,Delivered,COD
March_Sales_2023,255928,22-Mar-23,23,212,2145,1,Delivered,COD
March_Sales_2023,255935,22-Mar-23,13,212,2145,5,Delivered,COD
March_Sales_2023,256009,25-Mar-23,25,212,2145,3,Delivered,COD
March_Sales_2023,256028,26-Mar-23,4,212,2146,7,Delivered,COD
March_Sales_2023,256047,27-Mar-23,4,212,2145,6,Delivered,COD
March_Sales_2023,256073,28-Mar-23,17,212,2145,9,Delivered,COD
March_Sales_2023,256105,29-Mar-23,28,212,2145,8,Delivered,COD
April_Sales_2023,256189,1-Apr-23,17,212,2147,4,Delivered,COD
April_Sales_2023,256244,4-Apr-23,13,212,2147,3,Delivered,COD
April_Sales_2023,256248,4-Apr-23,25,212,2147,6,Delivered,COD
April_Sales_2023,256264,5-Apr-23,9,212,2147,3,Delivered,COD
April_Sales_2023,256295,8-Apr-23,10,212,2147,8,Delivered,COD
April_Sales_2023,256389,14-Apr-23,4,212,2147,4,Delivered,COD
April_Sales_2023,256397,14-Apr-23,25,212,2147,8,Delivered,COD
April_Sales_2023,256405,14-Apr-23,4,212,2147,4,Delivered,COD
April_Sales_2023,256475,16-Apr-23,9,212,2147,9,Delivered,COD
April_Sales_2023,256478,16-Apr-23,6,212,2147,3,Delivered,COD
April_Sales_2023,256489,17-Apr-23,4,212,2147,10,Delivered,COD
April_Sales_2023,256508,17-Apr-23,29,212,2147,5,Delivered,COD
April_Sales_2023,256514,18-Apr-23,11,212,2147,4,Delivered,COD
April_Sales_2023,256553,18-Apr-23,2,212,2147,1,Delivered,COD
April_Sales_2023,256572,20-Apr-23,11,212,2147,9,Delivered,COD
April_Sales_2023,256582,21-Apr-23,3,212,2147,10,Delivered,COD
April_Sales_2023,256601,22-Apr-23,30,212,2147,3,Delivered,COD
April_Sales_2023,256622,23-Apr-23,2,212,2147,2,Delivered,COD
April_Sales_2023,256631,24-Apr-23,4,212,2147,9,Delivered,COD
April_Sales_2023,256656,25-Apr-23,4,212,2147,10,Delivered,COD
April_Sales_2023,256669,26-Apr-23,20,212,2147,10,Delivered,COD
April_Sales_2023,256689,27-Apr-23,18,212,2147,5,Delivered,COD
April_Sales_2023,256701,29-Apr-23,18,212,2147,8,Delivered,COD
April_Sales_2023,256752,30-Apr-23,25,212,2147,3,Delivered,COD
February_Sales_2023,254630,1-Feb-23,5,212,2147,5,Delivered,COD
February_Sales_2023,254656,2-Feb-23,4,212,2147,2,Delivered,COD
February_Sales_2023,254695,2-Feb-23,1,212,2147,2,Delivered,COD
February_Sales_2023,254698,3-Feb-23,3,212,2147,8,Delivered,COD
February_Sales_2023,254762,4-Feb-23,4,212,2147,5,Delivered,COD
February_Sales_2023,254822,6-Feb-23,28,212,2147,3,Delivered,COD
February_Sales_2023,254834,7-Feb-23,4,212,2147,4,Delivered,COD
February_Sales_2023,254848,7-Feb-23,17,212,2147,10,Delivered,COD
February_Sales_2023,254859,7-Feb-23,20,212,2147,3,Delivered,COD
February_Sales_2023,254875,8-Feb-23,2,212,2147,6,Delivered,COD
February_Sales_2023,254889,8-Feb-23,1,212,2147,4,Delivered,COD
February_Sales_2023,254911,9-Feb-23,20,212,2147,10,Delivered,COD
February_Sales_2023,254930,11-Feb-23,8,212,2147,6,Delivered,COD
February_Sales_2023,254993,13-Feb-23,2,212,2147,10,Delivered,COD
February_Sales_2023,255019,14-Feb-23,4,212,2147,10,Delivered,COD
February_Sales_2023,255021,15-Feb-23,5,212,2147,4,Delivered,COD
February_Sales_2023,255030,15-Feb-23,7,212,2147,9,Delivered,COD
February_Sales_2023,255031,15-Feb-23,11,212,2147,1,Delivered,COD
February_Sales_2023,255034,15-Feb-23,4,212,2147,7,Delivered,COD
February_Sales_2023,255051,15-Feb-23,24,212,2147,3,Delivered,COD
February_Sales_2023,255103,16-Feb-23,4,212,2147,6,Delivered,COD
February_Sales_2023,255136,18-Feb-23,3,212,2147,5,Delivered,COD
February_Sales_2023,255194,19-Feb-23,4,212,2147,3,Delivered,COD
February_Sales_2023,255221,20-Feb-23,9,212,2147,7,Delivered,COD
February_Sales_2023,255242,21-Feb-23,18,212,2147,9,Delivered,COD
February_Sales_2023,255273,24-Feb-23,5,212,2147,4,Delivered,COD
February_Sales_2023,255281,24-Feb-23,12,212,2147,6,Delivered,COD
February_Sales_2023,255304,24-Feb-23,4,212,2147,3,Delivered,COD
February_Sales_2023,255333,25-Feb-23,27,212,2147,3,Delivered,COD
February_Sales_2023,255340,26-Feb-23,12,212,2147,6,Delivered,COD
February_Sales_2023,255347,26-Feb-23,17,212,2147,1,Delivered,COD
February_Sales_2023,255351,26-Feb-23,4,212,2147,6,Delivered,COD
February_Sales_2023,255397,27-Feb-23,19,212,2147,4,Delivered,COD
January_Sales_2023,254006,1-Jan-23,17,212,2147,4,Delivered,COD
January_Sales_2023,254061,4-Jan-23,13,212,2147,3,Delivered,COD
January_Sales_2023,254065,4-Jan-23,25,212,2147,6,Delivered,COD
January_Sales_2023,254081,5-Jan-23,9,212,2147,3,Delivered,COD
January_Sales_2023,254112,8-Jan-23,10,212,2147,8,Delivered,COD
January_Sales_2023,254206,14-Jan-23,4,212,2147,4,Delivered,COD
January_Sales_2023,254214,14-Jan-23,25,212,2147,8,Delivered,COD
January_Sales_2023,254222,14-Jan-23,4,212,2147,4,Delivered,COD
January_Sales_2023,254292,16-Jan-23,9,212,2147,9,Delivered,COD
January_Sales_2023,254295,16-Jan-23,6,212,2147,3,Delivered,COD
January_Sales_2023,254306,17-Jan-23,4,212,2147,10,Delivered,COD
January_Sales_2023,254325,17-Jan-23,29,212,2147,5,Delivered,COD
January_Sales_2023,254331,18-Jan-23,11,212,2147,4,Delivered,COD
January_Sales_2023,254370,18-Jan-23,2,212,2147,1,Delivered,COD
January_Sales_2023,254389,20-Jan-23,11,212,2147,9,Delivered,COD
January_Sales_2023,254399,21-Jan-23,3,212,2147,10,Delivered,COD
January_Sales_2023,254418,22-Jan-23,30,212,2147,3,Delivered,COD
January_Sales_2023,254429,22-Jan-23,13,212,2147,4,Delivered,COD
January_Sales_2023,254439,23-Jan-23,2,212,2147,2,Delivered,COD
January_Sales_2023,254448,24-Jan-23,4,212,2147,9,Delivered,COD
January_Sales_2023,254473,25-Jan-23,4,212,2147,10,Delivered,COD
January_Sales_2023,254486,26-Jan-23,20,212,2147,10,Delivered,COD
January_Sales_2023,254506,27-Jan-23,18,212,2147,5,Delivered,COD
January_Sales_2023,254518,29-Jan-23,18,212,2147,8,Delivered,COD
January_Sales_2023,254569,30-Jan-23,25,212,2147,3,Delivered,COD
January_Sales_2023,254581,31-Jan-23,25,212,2147,10,Delivered,COD
January_Sales_2023,254608,31-Jan-23,4,212,2147,10,Delivered,COD
March_Sales_2023,255434,2-Mar-23,29,212,2147,7,Delivered,COD
March_Sales_2023,255440,2-Mar-23,21,212,2147,4,Delivered,COD
March_Sales_2023,255452,2-Mar-23,25,212,2147,2,Delivered,COD
March_Sales_2023,255455,2-Mar-23,4,212,2147,3,Delivered,COD
March_Sales_2023,255466,2-Mar-23,24,212,2147,8,Delivered,COD
March_Sales_2023,255520,5-Mar-23,1,212,2147,4,Delivered,COD
March_Sales_2023,255555,6-Mar-23,17,212,2147,10,Delivered,COD
March_Sales_2023,255668,13-Mar-23,10,212,2147,6,Delivered,COD
March_Sales_2023,255685,13-Mar-23,25,212,2147,9,Delivered,COD
March_Sales_2023,255749,15-Mar-23,30,212,2147,5,Delivered,COD
March_Sales_2023,255784,16-Mar-23,16,212,2147,5,Delivered,COD
March_Sales_2023,255818,17-Mar-23,26,212,2147,4,Delivered,COD
March_Sales_2023,255852,19-Mar-23,13,212,2147,3,Delivered,COD
March_Sales_2023,255859,19-Mar-23,4,212,2147,3,Delivered,COD
March_Sales_2023,255861,19-Mar-23,27,212,2147,3,Delivered,COD
March_Sales_2023,255889,21-Mar-23,20,212,2147,10,Delivered,COD
March_Sales_2023,255908,21-Mar-23,10,212,2147,9,Delivered,COD
March_Sales_2023,255933,22-Mar-23,25,212,2147,10,Delivered,COD
March_Sales_2023,255958,23-Mar-23,19,212,2147,1,Delivered,COD
March_Sales_2023,255983,23-Mar-23,24,212,2147,10,Delivered,COD
March_Sales_2023,256021,25-Mar-23,28,212,2147,7,Delivered,COD
March_Sales_2023,256103,29-Mar-23,8,212,2147,3,Delivered,COD
March_Sales_2023,256134,30-Mar-23,25,212,2147,2,Delivered,COD
March_Sales_2023,256159,30-Mar-23,6,212,2147,10,Delivered,COD
March_Sales_2023,256175,31-Mar-23,29,212,2147,8,Delivered,COD
April_Sales_2023,256209,2-Apr-23,18,212,2147,8,Delivered,Card
April_Sales_2023,256238,4-Apr-23,25,214,2152,1,Delivered,Card
April_Sales_2023,256243,4-Apr-23,21,212,2145,3,Delivered,Card
April_Sales_2023,256255,4-Apr-23,1,211,2143,7,Delivered,Card
April_Sales_2023,256269,5-Apr-23,2,214,2151,8,Delivered,Card
April_Sales_2023,256272,5-Apr-23,4,211,2142,8,Delivered,Card
April_Sales_2023,256274,5-Apr-23,18,214,2154,5,Delivered,Card
April_Sales_2023,256288,7-Apr-23,4,214,2153,10,Delivered,Card
April_Sales_2023,256290,8-Apr-23,14,212,2145,6,Delivered,Card
April_Sales_2023,256304,8-Apr-23,2,217,2166,9,Delivered,Card
April_Sales_2023,256309,8-Apr-23,18,211,2142,6,Delivered,Card
April_Sales_2023,256312,8-Apr-23,9,212,2147,6,Delivered,Card
April_Sales_2023,256313,8-Apr-23,10,212,2147,7,Delivered,Card
April_Sales_2023,256320,8-Apr-23,4,214,2155,3,Delivered,Card
April_Sales_2023,256331,8-Apr-23,20,214,2152,2,Delivered,Card
April_Sales_2023,256336,9-Apr-23,25,212,2147,6,Delivered,Card
April_Sales_2023,256349,13-Apr-23,4,217,2165,9,Delivered,Card
April_Sales_2023,256358,13-Apr-23,25,212,2147,2,Delivered,Card
April_Sales_2023,256366,14-Apr-23,25,212,2145,8,Cancelled,Card
April_Sales_2023,256385,14-Apr-23,16,214,2154,6,Delivered,Card
April_Sales_2023,256409,15-Apr-23,5,211,2141,8,Delivered,Card
April_Sales_2023,256424,15-Apr-23,4,214,2154,1,Delivered,Card
April_Sales_2023,256432,15-Apr-23,4,214,2152,3,Cancelled,Card
April_Sales_2023,256446,16-Apr-23,24,217,2164,3,Delivered,Card
April_Sales_2023,256479,16-Apr-23,15,212,2147,3,Delivered,Card
April_Sales_2023,256490,17-Apr-23,4,211,2142,1,Delivered,Card
April_Sales_2023,256497,17-Apr-23,23,214,2155,5,Delivered,Card
April_Sales_2023,256502,17-Apr-23,4,214,2155,4,Delivered,Card
April_Sales_2023,256517,18-Apr-23,25,212,2145,1,Cancelled,Card
April_Sales_2023,256524,18-Apr-23,5,211,2143,3,Delivered,Card
April_Sales_2023,256530,18-Apr-23,18,211,2141,10,Delivered,Card
April_Sales_2023,256548,18-Apr-23,1,211,2142,8,Delivered,Card
April_Sales_2023,256549,18-Apr-23,25,211,2142,7,Delivered,Card
April_Sales_2023,256563,20-Apr-23,4,211,2142,9,Cancelled,Card
April_Sales_2023,256564,20-Apr-23,25,212,2145,1,Delivered,Card
April_Sales_2023,256569,20-Apr-23,2,214,2155,9,Delivered,Card
April_Sales_2023,256588,22-Apr-23,4,212,2145,6,Delivered,Card
April_Sales_2023,256599,22-Apr-23,4,212,2147,4,Delivered,Card
April_Sales_2023,256676,26-Apr-23,13,214,2155,4,Delivered,Card
April_Sales_2023,256680,27-Apr-23,24,211,2141,5,Delivered,Card
April_Sales_2023,256687,27-Apr-23,1,212,2147,7,Delivered,Card
April_Sales_2023,256697,28-Apr-23,2,216,2160,3,Delivered,Card
April_Sales_2023,256709,29-Apr-23,25,217,2165,2,Delivered,Card
April_Sales_2023,256729,30-Apr-23,19,216,2160,1,Delivered,Card
April_Sales_2023,256740,30-Apr-23,24,216,2160,3,Delivered,Card
April_Sales_2023,256742,30-Apr-23,18,213,2148,7,Delivered,Card
April_Sales_2023,256744,30-Apr-23,7,213,2150,6,Delivered,Card
April_Sales_2023,256760,30-Apr-23,5,213,2148,6,Cancelled,Card
February_Sales_2023,254629,1-Feb-23,25,212,2145,8,Delivered,Card
February_Sales_2023,254641,1-Feb-23,4,212,2146,4,Delivered,Card
February_Sales_2023,254645,1-Feb-23,27,214,2154,3,Cancelled,Card
February_Sales_2023,254650,1-Feb-23,7,211,2142,2,Delivered,Card
February_Sales_2023,254659,2-Feb-23,24,211,2142,10,Delivered,Card
February_Sales_2023,254682,2-Feb-23,21,217,2164,9,Delivered,Card
February_Sales_2023,254689,2-Feb-23,4,212,2147,8,Delivered,Card
February_Sales_2023,254691,2-Feb-23,14,213,2149,10,Delivered,Card
February_Sales_2023,254697,2-Feb-23,9,214,2154,3,Delivered,Card
February_Sales_2023,254714,3-Feb-23,4,214,2155,3,Delivered,Card
February_Sales_2023,254722,3-Feb-23,29,212,2147,3,Delivered,Card
February_Sales_2023,254729,3-Feb-23,8,211,2142,7,Cancelled,Card
February_Sales_2023,254757,4-Feb-23,4,213,2148,6,Delivered,Card
February_Sales_2023,254760,4-Feb-23,1,216,2162,9,Cancelled,Card
February_Sales_2023,254768,4-Feb-23,25,213,2148,5,Delivered,Card
February_Sales_2023,254771,4-Feb-23,1,217,2164,6,Delivered,Card
February_Sales_2023,254781,5-Feb-23,4,213,2148,5,Delivered,Card
February_Sales_2023,254787,5-Feb-23,16,211,2144,8,Delivered,Card
February_Sales_2023,254790,5-Feb-23,11,211,2142,3,Delivered,Card
February_Sales_2023,254806,5-Feb-23,7,217,2165,7,Delivered,Card
February_Sales_2023,254808,5-Feb-23,4,217,2165,6,Delivered,Card
February_Sales_2023,254813,5-Feb-23,10,211,2142,10,Cancelled,Card
February_Sales_2023,254828,7-Feb-23,4,211,2141,10,Delivered,Card
February_Sales_2023,254831,7-Feb-23,28,211,2141,9,Cancelled,Card
February_Sales_2023,254843,7-Feb-23,25,211,2141,5,Cancelled,Card
February_Sales_2023,254844,7-Feb-23,25,212,2145,4,Delivered,Card
February_Sales_2023,254860,8-Feb-23,20,216,2161,5,Delivered,Card
February_Sales_2023,254863,8-Feb-23,28,214,2155,1,Cancelled,Card
February_Sales_2023,254867,8-Feb-23,7,213,2149,5,Delivered,Card
February_Sales_2023,254890,9-Feb-23,17,211,2141,6,Delivered,Card
February_Sales_2023,254910,9-Feb-23,21,212,2147,4,Delivered,Card
February_Sales_2023,254920,10-Feb-23,15,216,2160,3,Delivered,Card
February_Sales_2023,254928,11-Feb-23,5,212,2147,3,Delivered,Card
February_Sales_2023,254934,11-Feb-23,4,214,2154,1,Delivered,Card
February_Sales_2023,254939,11-Feb-23,23,212,2147,5,Delivered,Card
February_Sales_2023,254964,11-Feb-23,1,214,2154,1,Delivered,Card
February_Sales_2023,254970,12-Feb-23,25,211,2143,10,Delivered,Card
February_Sales_2023,254977,12-Feb-23,25,214,2155,5,Delivered,Card
February_Sales_2023,254981,12-Feb-23,15,211,2142,8,Delivered,Card
February_Sales_2023,254982,12-Feb-23,21,214,2151,2,Delivered,Card
February_Sales_2023,255001,13-Feb-23,5,212,2147,3,Delivered,Card
February_Sales_2023,255010,13-Feb-23,19,211,2141,6,Delivered,Card
February_Sales_2023,255012,14-Feb-23,6,213,2148,3,Delivered,Card
February_Sales_2023,255018,14-Feb-23,26,211,2142,6,Delivered,Card
February_Sales_2023,255043,15-Feb-23,22,212,2145,2,Delivered,Card
February_Sales_2023,255055,15-Feb-23,15,213,2149,3,Delivered,Card
February_Sales_2023,255064,15-Feb-23,20,212,2145,4,Delivered,Card
February_Sales_2023,255072,16-Feb-23,25,212,2147,4,Cancelled,Card
February_Sales_2023,255089,16-Feb-23,3,212,2145,1,Delivered,Card
February_Sales_2023,255091,16-Feb-23,4,212,2145,5,Delivered,Card
February_Sales_2023,255093,16-Feb-23,4,212,2145,1,Delivered,Card
February_Sales_2023,255120,17-Feb-23,4,213,2150,4,Delivered,Card
February_Sales_2023,255126,17-Feb-23,12,211,2143,3,Delivered,Card
February_Sales_2023,255133,18-Feb-23,12,211,2143,1,Delivered,Card
February_Sales_2023,255140,18-Feb-23,4,212,2145,1,Delivered,Card
February_Sales_2023,255142,18-Feb-23,25,213,2148,7,Delivered,Card
February_Sales_2023,255150,18-Feb-23,21,211,2142,7,Delivered,Card
February_Sales_2023,255154,18-Feb-23,27,213,2149,7,Delivered,Card
February_Sales_2023,255161,18-Feb-23,25,212,2145,7,Delivered,Card
February_Sales_2023,255167,18-Feb-23,4,211,2142,10,Delivered,Card
February_Sales_2023,255168,18-Feb-23,14,212,2145,5,Delivered,Card
February_Sales_2023,255174,19-Feb-23,25,212,2147,10,Delivered,Card
February_Sales_2023,255176,19-Feb-23,20,212,2147,10,Delivered,Card
February_Sales_2023,255228,20-Feb-23,4,211,2142,2,Delivered,Card
February_Sales_2023,255237,21-Feb-23,15,217,2164,5,Delivered,Card
February_Sales_2023,255244,21-Feb-23,4,212,2145,8,Delivered,Card
February_Sales_2023,255266,24-Feb-23,25,211,2142,7,Delivered,Card
February_Sales_2023,255301,24-Feb-23,27,211,2141,8,Cancelled,Card
February_Sales_2023,255303,24-Feb-23,17,211,2142,8,Delivered,Card
February_Sales_2023,255307,24-Feb-23,22,216,2160,8,Cancelled,Card
February_Sales_2023,255309,25-Feb-23,4,214,2155,8,Delivered,Card
February_Sales_2023,255323,25-Feb-23,4,211,2144,9,Delivered,Card
February_Sales_2023,255327,25-Feb-23,20,211,2142,9,Delivered,Card
February_Sales_2023,255338,25-Feb-23,4,211,2141,10,Delivered,Card
February_Sales_2023,255353,26-Feb-23,24,212,2147,2,Delivered,Card
February_Sales_2023,255359,26-Feb-23,10,211,2142,9,Delivered,Card
February_Sales_2023,255375,26-Feb-23,1,217,2164,5,Delivered,Card
February_Sales_2023,255377,26-Feb-23,4,211,2142,8,Delivered,Card
February_Sales_2023,255379,26-Feb-23,25,212,2147,3,Delivered,Card
February_Sales_2023,255391,27-Feb-23,24,211,2143,8,Delivered,Card
February_Sales_2023,255403,27-Feb-23,2,211,2142,2,Delivered,Card
February_Sales_2023,255412,28-Feb-23,4,212,2147,10,Delivered,Card
February_Sales_2023,255416,28-Feb-23,23,211,2141,8,Delivered,Card
January_Sales_2023,254026,2-Jan-23,18,212,2147,8,Delivered,Card
January_Sales_2023,254055,4-Jan-23,25,214,2152,1,Delivered,Card
January_Sales_2023,254060,4-Jan-23,21,212,2145,3,Delivered,Card
January_Sales_2023,254072,4-Jan-23,1,211,2143,7,Delivered,Card
January_Sales_2023,254086,5-Jan-23,2,214,2151,8,Delivered,Card
January_Sales_2023,254089,5-Jan-23,4,211,2142,8,Delivered,Card
January_Sales_2023,254091,5-Jan-23,18,214,2154,5,Delivered,Card
January_Sales_2023,254105,7-Jan-23,4,214,2153,10,Delivered,Card
January_Sales_2023,254107,8-Jan-23,14,212,2145,6,Delivered,Card
January_Sales_2023,254121,8-Jan-23,2,217,2166,9,Delivered,Card
January_Sales_2023,254126,8-Jan-23,18,211,2142,6,Delivered,Card
January_Sales_2023,254129,8-Jan-23,9,212,2147,6,Delivered,Card
January_Sales_2023,254130,8-Jan-23,10,212,2147,7,Delivered,Card
January_Sales_2023,254137,8-Jan-23,4,214,2155,3,Delivered,Card
January_Sales_2023,254148,8-Jan-23,20,214,2152,2,Delivered,Card
January_Sales_2023,254153,9-Jan-23,25,212,2147,6,Delivered,Card
January_Sales_2023,254166,13-Jan-23,4,217,2165,9,Delivered,Card
January_Sales_2023,254175,13-Jan-23,25,212,2147,2,Delivered,Card
January_Sales_2023,254183,14-Jan-23,25,212,2145,8,Cancelled,Card
January_Sales_2023,254202,14-Jan-23,16,214,2154,6,Delivered,Card
January_Sales_2023,254226,15-Jan-23,5,211,2141,8,Delivered,Card
January_Sales_2023,254241,15-Jan-23,4,214,2154,1,Delivered,Card
January_Sales_2023,254249,15-Jan-23,4,214,2152,3,Cancelled,Card
January_Sales_2023,254263,16-Jan-23,24,217,2164,3,Delivered,Card
January_Sales_2023,254296,16-Jan-23,15,212,2147,3,Delivered,Card
January_Sales_2023,254307,17-Jan-23,4,211,2142,1,Delivered,Card
January_Sales_2023,254314,17-Jan-23,23,214,2155,5,Delivered,Card
January_Sales_2023,254319,17-Jan-23,4,214,2155,4,Delivered,Card
January_Sales_2023,254334,18-Jan-23,25,212,2145,1,Cancelled,Card
January_Sales_2023,254341,18-Jan-23,5,211,2143,3,Delivered,Card
January_Sales_2023,254347,18-Jan-23,18,211,2141,10,Delivered,Card
January_Sales_2023,254365,18-Jan-23,1,211,2142,8,Delivered,Card
January_Sales_2023,254366,18-Jan-23,25,211,2142,7,Delivered,Card
January_Sales_2023,254380,20-Jan-23,4,211,2142,9,Cancelled,Card
January_Sales_2023,254381,20-Jan-23,25,212,2145,1,Delivered,Card
January_Sales_2023,254386,20-Jan-23,2,214,2155,9,Delivered,Card
January_Sales_2023,254405,22-Jan-23,4,212,2145,6,Delivered,Card
January_Sales_2023,254416,22-Jan-23,4,212,2147,4,Delivered,Card
January_Sales_2023,254428,22-Jan-23,4,211,2142,5,Delivered,Card
January_Sales_2023,254454,25-Jan-23,4,214,2154,2,Delivered,Card
January_Sales_2023,254458,25-Jan-23,7,211,2143,7,Delivered,Card
January_Sales_2023,254493,26-Jan-23,13,214,2155,4,Delivered,Card
January_Sales_2023,254497,27-Jan-23,24,211,2141,5,Delivered,Card
January_Sales_2023,254504,27-Jan-23,1,212,2147,7,Delivered,Card
January_Sales_2023,254514,28-Jan-23,2,216,2160,3,Delivered,Card
January_Sales_2023,254526,29-Jan-23,25,217,2165,2,Delivered,Card
January_Sales_2023,254537,30-Jan-23,24,212,2145,7,Delivered,Card
January_Sales_2023,254540,30-Jan-23,25,211,2141,4,Delivered,Card
January_Sales_2023,254546,30-Jan-23,19,216,2160,1,Delivered,Card
January_Sales_2023,254557,30-Jan-23,24,216,2160,3,Delivered,Card
January_Sales_2023,254559,30-Jan-23,18,213,2148,7,Delivered,Card
January_Sales_2023,254561,30-Jan-23,7,213,2150,6,Delivered,Card
January_Sales_2023,254577,30-Jan-23,5,213,2148,6,Cancelled,Card
January_Sales_2023,254588,31-Jan-23,26,212,2147,7,Delivered,Card
January_Sales_2023,254593,31-Jan-23,4,212,2145,1,Delivered,Card
January_Sales_2023,254597,31-Jan-23,5,212,2147,7,Delivered,Card
January_Sales_2023,254605,31-Jan-23,13,211,2143,6,Delivered,Card
January_Sales_2023,254609,31-Jan-23,5,214,2152,5,Delivered,Card
January_Sales_2023,254625,31-Jan-23,25,212,2145,10,Delivered,Card
March_Sales_2023,255421,1-Mar-23,4,217,2165,5,Delivered,Card
March_Sales_2023,255427,1-Mar-23,28,214,2152,10,Delivered,Card
March_Sales_2023,255431,1-Mar-23,25,214,2155,2,Delivered,Card
March_Sales_2023,255439,2-Mar-23,9,212,2147,4,Delivered,Card
March_Sales_2023,255444,2-Mar-23,13,211,2144,9,Delivered,Card
March_Sales_2023,255457,2-Mar-23,7,216,2162,7,Delivered,Card
March_Sales_2023,255461,2-Mar-23,18,216,2161,2,Delivered,Card
March_Sales_2023,255462,2-Mar-23,28,212,2147,3,Delivered,Card
March_Sales_2023,255486,4-Mar-23,5,212,2147,5,Delivered,Card
March_Sales_2023,255489,4-Mar-23,12,216,2160,7,Delivered,Card
March_Sales_2023,255497,4-Mar-23,25,211,2142,6,Delivered,Card
March_Sales_2023,255504,4-Mar-23,4,213,2148,5,Delivered,Card
March_Sales_2023,255508,4-Mar-23,8,214,2154,6,Delivered,Card
March_Sales_2023,255510,4-Mar-23,4,211,2141,3,Delivered,Card
March_Sales_2023,255513,4-Mar-23,4,217,2164,8,Delivered,Card
March_Sales_2023,255525,5-Mar-23,12,212,2147,9,Delivered,Card
March_Sales_2023,255529,5-Mar-23,25,213,2148,10,Delivered,Card
March_Sales_2023,255533,5-Mar-23,16,213,2150,6,Delivered,Card
March_Sales_2023,255534,5-Mar-23,6,214,2155,5,Delivered,Card
March_Sales_2023,255539,5-Mar-23,25,216,2161,4,Delivered,Card
March_Sales_2023,255577,7-Mar-23,22,213,2148,6,Delivered,Card
March_Sales_2023,255580,7-Mar-23,5,214,2151,10,Delivered,Card
March_Sales_2023,255591,7-Mar-23,25,217,2167,6,Delivered,Card
March_Sales_2023,255593,8-Mar-23,13,212,2147,2,Delivered,Card
March_Sales_2023,255595,8-Mar-23,30,212,2147,2,Delivered,Card
March_Sales_2023,255606,9-Mar-23,15,212,2146,8,Delivered,Card
March_Sales_2023,255669,13-Mar-23,30,211,2141,6,Delivered,Card
March_Sales_2023,255670,13-Mar-23,12,211,2144,8,Delivered,Card
March_Sales_2023,255676,13-Mar-23,4,214,2153,4,Delivered,Card
March_Sales_2023,255678,13-Mar-23,4,211,2143,10,Delivered,Card
March_Sales_2023,255682,13-Mar-23,4,211,2142,2,Delivered,Card
March_Sales_2023,255693,14-Mar-23,25,213,2150,10,Delivered,Card
March_Sales_2023,255699,14-Mar-23,25,212,2145,5,Delivered,Card
March_Sales_2023,255712,14-Mar-23,22,213,2150,3,Delivered,Card
March_Sales_2023,255716,14-Mar-23,28,211,2141,10,Delivered,Card
March_Sales_2023,255720,14-Mar-23,25,212,2146,10,Delivered,Card
March_Sales_2023,255725,15-Mar-23,25,211,2143,7,Delivered,Card
March_Sales_2023,255745,15-Mar-23,18,211,2142,5,Delivered,Card
March_Sales_2023,255753,15-Mar-23,3,211,2142,1,Delivered,Card
March_Sales_2023,255755,15-Mar-23,24,213,2149,5,Delivered,Card
March_Sales_2023,255756,15-Mar-23,25,212,2147,7,Delivered,Card
March_Sales_2023,255779,16-Mar-23,29,212,2147,6,Delivered,Card
March_Sales_2023,255787,16-Mar-23,4,214,2155,5,Delivered,Card
March_Sales_2023,255809,17-Mar-23,12,212,2147,8,Delivered,Card
March_Sales_2023,255827,18-Mar-23,4,213,2150,5,Delivered,Card
March_Sales_2023,255828,18-Mar-23,12,213,2148,3,Delivered,Card
March_Sales_2023,255846,19-Mar-23,15,213,2150,4,Delivered,Card
March_Sales_2023,255848,19-Mar-23,23,211,2142,6,Delivered,Card
March_Sales_2023,255868,21-Mar-23,25,217,2164,4,Delivered,Card
March_Sales_2023,255875,21-Mar-23,25,214,2153,4,Delivered,Card
March_Sales_2023,255887,21-Mar-23,19,212,2145,10,Delivered,Card
March_Sales_2023,255895,21-Mar-23,4,214,2153,7,Delivered,Card
March_Sales_2023,255902,21-Mar-23,25,216,2160,1,Delivered,Card
March_Sales_2023,255920,22-Mar-23,25,211,2142,1,Delivered,Card
March_Sales_2023,255925,22-Mar-23,21,211,2143,1,Delivered,Card
March_Sales_2023,255927,22-Mar-23,21,216,2163,7,Delivered,Card
March_Sales_2023,255941,22-Mar-23,22,214,2154,6,Delivered,Card
March_Sales_2023,255950,22-Mar-23,4,213,2149,9,Delivered,Card
March_Sales_2023,255951,22-Mar-23,18,211,2143,2,Delivered,Card
March_Sales_2023,255965,23-Mar-23,2,217,2165,10,Delivered,Card
March_Sales_2023,255966,23-Mar-23,25,214,2151,9,Delivered,Card
March_Sales_2023,256003,25-Mar-23,17,211,2143,8,Delivered,Card
March_Sales_2023,256016,25-Mar-23,29,211,2142,7,Delivered,Card
March_Sales_2023,256017,25-Mar-23,23,212,2146,6,Delivered,Card
March_Sales_2023,256025,26-Mar-23,11,214,2155,1,Delivered,Card
March_Sales_2023,256029,26-Mar-23,20,217,2164,2,Delivered,Card
March_Sales_2023,256040,27-Mar-23,4,211,2142,10,Delivered,Card
March_Sales_2023,256044,27-Mar-23,30,212,2147,8,Delivered,Card
March_Sales_2023,256049,27-Mar-23,14,214,2154,10,Delivered,Card
March_Sales_2023,256050,27-Mar-23,28,212,2147,9,Delivered,Card
March_Sales_2023,256052,27-Mar-23,22,211,2142,6,Delivered,Card
March_Sales_2023,256053,27-Mar-23,17,214,2153,1,Delivered,Card
March_Sales_2023,256060,28-Mar-23,2,213,2150,5,Delivered,Card
March_Sales_2023,256063,28-Mar-23,19,212,2145,10,Delivered,Card
March_Sales_2023,256064,28-Mar-23,29,214,2155,7,Cancelled,Card
March_Sales_2023,256071,28-Mar-23,25,214,2151,10,Delivered,Card
March_Sales_2023,256078,28-Mar-23,9,211,2142,7,Delivered,Card
March_Sales_2023,256082,28-Mar-23,4,214,2151,4,Delivered,Card
March_Sales_2023,256085,28-Mar-23,4,211,2143,4,Delivered,Card
March_Sales_2023,256090,28-Mar-23,26,214,2151,6,Delivered,Card
March_Sales_2023,256096,29-Mar-23,10,214,2152,2,Delivered,Card
March_Sales_2023,256101,29-Mar-23,21,214,2155,6,Delivered,Card
March_Sales_2023,256116,29-Mar-23,19,212,2145,5,Delivered,Card
March_Sales_2023,256117,29-Mar-23,6,212,2147,4,Delivered,Card
March_Sales_2023,256128,30-Mar-23,11,212,2147,5,Delivered,Card
March_Sales_2023,256156,30-Mar-23,15,213,2149,9,Delivered,Card
March_Sales_2023,256164,30-Mar-23,11,214,2155,3,Delivered,Card
